# item display name	tier	extra item id	extra display name	count	returnable
# Exact recipe requirements. Shapeshifter artifact/remnant tier always equals crafted tier.
Arclight Blasters	4	T4_ARTEFACT_2H_DUALCROSSBOW_CRYSTAL	Adept's Arclight Crystal	1	false
Arclight Blasters	5	T5_ARTEFACT_2H_DUALCROSSBOW_CRYSTAL	Expert's Arclight Crystal	1	false
Arclight Blasters	6	T6_ARTEFACT_2H_DUALCROSSBOW_CRYSTAL	Master's Arclight Crystal	1	false
Arclight Blasters	7	T7_ARTEFACT_2H_DUALCROSSBOW_CRYSTAL	Grandmaster's Arclight Crystal	1	false
Arclight Blasters	8	T8_ARTEFACT_2H_DUALCROSSBOW_CRYSTAL	Elder's Arclight Crystal	1	false
Arctic Staff	4	T4_ARTEFACT_2H_FROSTSTAFF_CRYSTAL	Adept's Icy Crystal	1	false
Arctic Staff	5	T5_ARTEFACT_2H_FROSTSTAFF_CRYSTAL	Expert's Icy Crystal	1	false
Arctic Staff	6	T6_ARTEFACT_2H_FROSTSTAFF_CRYSTAL	Master's Icy Crystal	1	false
Arctic Staff	7	T7_ARTEFACT_2H_FROSTSTAFF_CRYSTAL	Grandmaster's Icy Crystal	1	false
Arctic Staff	8	T8_ARTEFACT_2H_FROSTSTAFF_CRYSTAL	Elder's Icy Crystal	1	false
Armor of Valor	4	T4_ARTEFACT_ARMOR_PLATE_AVALON	Adept's Exalted Plating	1	false
Armor of Valor	5	T5_ARTEFACT_ARMOR_PLATE_AVALON	Expert's Exalted Plating	1	false
Armor of Valor	6	T6_ARTEFACT_ARMOR_PLATE_AVALON	Master's Exalted Plating	1	false
Armor of Valor	7	T7_ARTEFACT_ARMOR_PLATE_AVALON	Grandmaster's Exalted Plating	1	false
Armor of Valor	8	T8_ARTEFACT_ARMOR_PLATE_AVALON	Elder's Exalted Plating	1	false
Astral Aegis	4	T4_ARTEFACT_OFF_SHIELD_AVALON	Adept's Crushed Avalonian Heirloom	1	false
Astral Aegis	5	T5_ARTEFACT_OFF_SHIELD_AVALON	Expert's Crushed Avalonian Heirloom	1	false
Astral Aegis	6	T6_ARTEFACT_OFF_SHIELD_AVALON	Master's Crushed Avalonian Heirloom	1	false
Astral Aegis	7	T7_ARTEFACT_OFF_SHIELD_AVALON	Grandmaster's Crushed Avalonian Heirloom	1	false
Astral Aegis	8	T8_ARTEFACT_OFF_SHIELD_AVALON	Elder's Crushed Avalonian Heirloom	1	false
Astral Staff	4	T4_ARTEFACT_2H_ARCANESTAFF_CRYSTAL	Adept's Startouched Crystal	1	false
Astral Staff	5	T5_ARTEFACT_2H_ARCANESTAFF_CRYSTAL	Expert's Startouched Crystal	1	false
Astral Staff	6	T6_ARTEFACT_2H_ARCANESTAFF_CRYSTAL	Master's Startouched Crystal	1	false
Astral Staff	7	T7_ARTEFACT_2H_ARCANESTAFF_CRYSTAL	Grandmaster's Startouched Crystal	1	false
Astral Staff	8	T8_ARTEFACT_2H_ARCANESTAFF_CRYSTAL	Elder's Startouched Crystal	1	false
Avalonian Axe	4	QUESTITEM_TOKEN_AVALON	Avalonian Energy	20	false
Avalonian Axe	5	QUESTITEM_TOKEN_AVALON	Avalonian Energy	90	false
Avalonian Axe	6	QUESTITEM_TOKEN_AVALON	Avalonian Energy	160	false
Avalonian Axe	7	QUESTITEM_TOKEN_AVALON	Avalonian Energy	230	false
Avalonian Axe	8	QUESTITEM_TOKEN_AVALON	Avalonian Energy	300	false
Avalonian Cape	4	QUESTITEM_TOKEN_AVALON	Avalonian Energy	15	false
Avalonian Cape	5	QUESTITEM_TOKEN_AVALON	Avalonian Energy	15	false
Avalonian Cape	6	QUESTITEM_TOKEN_AVALON	Avalonian Energy	45	false
Avalonian Cape	7	QUESTITEM_TOKEN_AVALON	Avalonian Energy	75	false
Avalonian Cape	8	QUESTITEM_TOKEN_AVALON	Avalonian Energy	150	false
Avalonian Fishing Rod	4	QUESTITEM_TOKEN_AVALON	Avalonian Energy	20	false
Avalonian Fishing Rod	5	QUESTITEM_TOKEN_AVALON	Avalonian Energy	90	false
Avalonian Fishing Rod	6	QUESTITEM_TOKEN_AVALON	Avalonian Energy	160	false
Avalonian Fishing Rod	7	QUESTITEM_TOKEN_AVALON	Avalonian Energy	230	false
Avalonian Fishing Rod	8	QUESTITEM_TOKEN_AVALON	Avalonian Energy	300	false
Avalonian Pickaxe	4	QUESTITEM_TOKEN_AVALON	Avalonian Energy	20	false
Avalonian Pickaxe	5	QUESTITEM_TOKEN_AVALON	Avalonian Energy	90	false
Avalonian Pickaxe	6	QUESTITEM_TOKEN_AVALON	Avalonian Energy	160	false
Avalonian Pickaxe	7	QUESTITEM_TOKEN_AVALON	Avalonian Energy	230	false
Avalonian Pickaxe	8	QUESTITEM_TOKEN_AVALON	Avalonian Energy	300	false
Avalonian Sickle	4	QUESTITEM_TOKEN_AVALON	Avalonian Energy	20	false
Avalonian Sickle	5	QUESTITEM_TOKEN_AVALON	Avalonian Energy	90	false
Avalonian Sickle	6	QUESTITEM_TOKEN_AVALON	Avalonian Energy	160	false
Avalonian Sickle	7	QUESTITEM_TOKEN_AVALON	Avalonian Energy	230	false
Avalonian Sickle	8	QUESTITEM_TOKEN_AVALON	Avalonian Energy	300	false
Avalonian Siege Hammer	4	QUESTITEM_TOKEN_AVALON	Avalonian Energy	20	false
Avalonian Siege Hammer	5	QUESTITEM_TOKEN_AVALON	Avalonian Energy	90	false
Avalonian Siege Hammer	6	QUESTITEM_TOKEN_AVALON	Avalonian Energy	160	false
Avalonian Siege Hammer	7	QUESTITEM_TOKEN_AVALON	Avalonian Energy	230	false
Avalonian Siege Hammer	8	QUESTITEM_TOKEN_AVALON	Avalonian Energy	300	false
Avalonian Skinning Knife	4	QUESTITEM_TOKEN_AVALON	Avalonian Energy	20	false
Avalonian Skinning Knife	5	QUESTITEM_TOKEN_AVALON	Avalonian Energy	90	false
Avalonian Skinning Knife	6	QUESTITEM_TOKEN_AVALON	Avalonian Energy	160	false
Avalonian Skinning Knife	7	QUESTITEM_TOKEN_AVALON	Avalonian Energy	230	false
Avalonian Skinning Knife	8	QUESTITEM_TOKEN_AVALON	Avalonian Energy	300	false
Avalonian Stone Hammer	4	QUESTITEM_TOKEN_AVALON	Avalonian Energy	20	false
Avalonian Stone Hammer	5	QUESTITEM_TOKEN_AVALON	Avalonian Energy	90	false
Avalonian Stone Hammer	6	QUESTITEM_TOKEN_AVALON	Avalonian Energy	160	false
Avalonian Stone Hammer	7	QUESTITEM_TOKEN_AVALON	Avalonian Energy	230	false
Avalonian Stone Hammer	8	QUESTITEM_TOKEN_AVALON	Avalonian Energy	300	false
Bear Paws	4	T4_ARTEFACT_2H_DUALAXE_KEEPER	Adept's Keeper Axeheads	1	false
Bear Paws	5	T5_ARTEFACT_2H_DUALAXE_KEEPER	Expert's Keeper Axeheads	1	false
Bear Paws	6	T6_ARTEFACT_2H_DUALAXE_KEEPER	Master's Keeper Axeheads	1	false
Bear Paws	7	T7_ARTEFACT_2H_DUALAXE_KEEPER	Grandmaster's Keeper Axeheads	1	false
Bear Paws	8	T8_ARTEFACT_2H_DUALAXE_KEEPER	Elder's Keeper Axeheads	1	false
Bedrock Mace	4	T4_ARTEFACT_MAIN_ROCKMACE_KEEPER	Adept's Runed Rock	1	false
Bedrock Mace	5	T5_ARTEFACT_MAIN_ROCKMACE_KEEPER	Expert's Runed Rock	1	false
Bedrock Mace	6	T6_ARTEFACT_MAIN_ROCKMACE_KEEPER	Master's Runed Rock	1	false
Bedrock Mace	7	T7_ARTEFACT_MAIN_ROCKMACE_KEEPER	Grandmaster's Runed Rock	1	false
Bedrock Mace	8	T8_ARTEFACT_MAIN_ROCKMACE_KEEPER	Elder's Runed Rock	1	false
Black Monk Stave	4	T4_ARTEFACT_2H_COMBATSTAFF_MORGANA	Adept's Reinforced Morgana Pole	1	false
Black Monk Stave	5	T5_ARTEFACT_2H_COMBATSTAFF_MORGANA	Expert's Reinforced Morgana Pole	1	false
Black Monk Stave	6	T6_ARTEFACT_2H_COMBATSTAFF_MORGANA	Master's Reinforced Morgana Pole	1	false
Black Monk Stave	7	T7_ARTEFACT_2H_COMBATSTAFF_MORGANA	Grandmaster's Reinforced Morgana Pole	1	false
Black Monk Stave	8	T8_ARTEFACT_2H_COMBATSTAFF_MORGANA	Elder's Reinforced Morgana Pole	1	false
Blazing Staff	4	T4_ARTEFACT_2H_INFERNOSTAFF_MORGANA	Adept's Unholy Scroll	1	false
Blazing Staff	5	T5_ARTEFACT_2H_INFERNOSTAFF_MORGANA	Expert's Unholy Scroll	1	false
Blazing Staff	6	T6_ARTEFACT_2H_INFERNOSTAFF_MORGANA	Master's Unholy Scroll	1	false
Blazing Staff	7	T7_ARTEFACT_2H_INFERNOSTAFF_MORGANA	Grandmaster's Unholy Scroll	1	false
Blazing Staff	8	T8_ARTEFACT_2H_INFERNOSTAFF_MORGANA	Elder's Unholy Scroll	1	false
Blight Staff	4	T4_ARTEFACT_2H_NATURESTAFF_HELL	Adept's Symbol of Blight	1	false
Blight Staff	5	T5_ARTEFACT_2H_NATURESTAFF_HELL	Expert's Symbol of Blight	1	false
Blight Staff	6	T6_ARTEFACT_2H_NATURESTAFF_HELL	Master's Symbol of Blight	1	false
Blight Staff	7	T7_ARTEFACT_2H_NATURESTAFF_HELL	Grandmaster's Symbol of Blight	1	false
Blight Staff	8	T8_ARTEFACT_2H_NATURESTAFF_HELL	Elder's Symbol of Blight	1	false
Bloodletter	4	T4_ARTEFACT_MAIN_RAPIER_MORGANA	Adept's Hardened Debole	1	false
Bloodletter	5	T5_ARTEFACT_MAIN_RAPIER_MORGANA	Expert's Hardened Debole	1	false
Bloodletter	6	T6_ARTEFACT_MAIN_RAPIER_MORGANA	Master's Hardened Debole	1	false
Bloodletter	7	T7_ARTEFACT_MAIN_RAPIER_MORGANA	Grandmaster's Hardened Debole	1	false
Bloodletter	8	T8_ARTEFACT_MAIN_RAPIER_MORGANA	Elder's Hardened Debole	1	false
Bloodmoon Staff	4	T4_ARTEFACT_2H_SHAPESHIFTER_MORGANA	Adept's Werewolf Remnant	1	false
Bloodmoon Staff	5	T5_ARTEFACT_2H_SHAPESHIFTER_MORGANA	Expert's Werewolf Remnant	1	false
Bloodmoon Staff	6	T6_ARTEFACT_2H_SHAPESHIFTER_MORGANA	Master's Werewolf Remnant	1	false
Bloodmoon Staff	7	T7_ARTEFACT_2H_SHAPESHIFTER_MORGANA	Grandmaster's Werewolf Remnant	1	false
Bloodmoon Staff	8	T8_ARTEFACT_2H_SHAPESHIFTER_MORGANA	Elder's Werewolf Remnant	1	false
Blueflame Torch	4	T4_ARTEFACT_OFF_TORCH_CRYSTAL	Adept's Blueflame Crystal	1	false
Blueflame Torch	5	T5_ARTEFACT_OFF_TORCH_CRYSTAL	Expert's Blueflame Crystal	1	false
Blueflame Torch	6	T6_ARTEFACT_OFF_TORCH_CRYSTAL	Master's Blueflame Crystal	1	false
Blueflame Torch	7	T7_ARTEFACT_OFF_TORCH_CRYSTAL	Grandmaster's Blueflame Crystal	1	false
Blueflame Torch	8	T8_ARTEFACT_OFF_TORCH_CRYSTAL	Elder's Blueflame Crystal	1	false
Boltcasters	4	T4_ARTEFACT_2H_DUALCROSSBOW_HELL	Adept's Hellish Bolts	1	false
Boltcasters	5	T5_ARTEFACT_2H_DUALCROSSBOW_HELL	Expert's Hellish Bolts	1	false
Boltcasters	6	T6_ARTEFACT_2H_DUALCROSSBOW_HELL	Master's Hellish Bolts	1	false
Boltcasters	7	T7_ARTEFACT_2H_DUALCROSSBOW_HELL	Grandmaster's Hellish Bolts	1	false
Boltcasters	8	T8_ARTEFACT_2H_DUALCROSSBOW_HELL	Elder's Hellish Bolts	1	false
Boots of Valor	4	T4_ARTEFACT_SHOES_PLATE_AVALON	Adept's Exalted Greave	1	false
Boots of Valor	5	T5_ARTEFACT_SHOES_PLATE_AVALON	Expert's Exalted Greave	1	false
Boots of Valor	6	T6_ARTEFACT_SHOES_PLATE_AVALON	Master's Exalted Greave	1	false
Boots of Valor	7	T7_ARTEFACT_SHOES_PLATE_AVALON	Grandmaster's Exalted Greave	1	false
Boots of Valor	8	T8_ARTEFACT_SHOES_PLATE_AVALON	Elder's Exalted Greave	1	false
Bow of Badon	4	T4_ARTEFACT_2H_BOW_KEEPER	Adept's Carved Bone	1	false
Bow of Badon	5	T5_ARTEFACT_2H_BOW_KEEPER	Expert's Carved Bone	1	false
Bow of Badon	6	T6_ARTEFACT_2H_BOW_KEEPER	Master's Carved Bone	1	false
Bow of Badon	7	T7_ARTEFACT_2H_BOW_KEEPER	Grandmaster's Carved Bone	1	false
Bow of Badon	8	T8_ARTEFACT_2H_BOW_KEEPER	Elder's Carved Bone	1	false
Bridled Fury	4	T4_ARTEFACT_2H_DAGGER_KATAR_AVALON	Adept's Bloodstained Antiquities	1	false
Bridled Fury	5	T5_ARTEFACT_2H_DAGGER_KATAR_AVALON	Expert's Bloodstained Antiquities	1	false
Bridled Fury	6	T6_ARTEFACT_2H_DAGGER_KATAR_AVALON	Master's Bloodstained Antiquities	1	false
Bridled Fury	7	T7_ARTEFACT_2H_DAGGER_KATAR_AVALON	Grandmaster's Bloodstained Antiquities	1	false
Bridled Fury	8	T8_ARTEFACT_2H_DAGGER_KATAR_AVALON	Elder's Bloodstained Antiquities	1	false
Brimstone Staff	4	T4_ARTEFACT_2H_FIRESTAFF_HELL	Adept's Burning Orb	1	false
Brimstone Staff	5	T5_ARTEFACT_2H_FIRESTAFF_HELL	Expert's Burning Orb	1	false
Brimstone Staff	6	T6_ARTEFACT_2H_FIRESTAFF_HELL	Master's Burning Orb	1	false
Brimstone Staff	7	T7_ARTEFACT_2H_FIRESTAFF_HELL	Grandmaster's Burning Orb	1	false
Brimstone Staff	8	T8_ARTEFACT_2H_FIRESTAFF_HELL	Elder's Burning Orb	1	false
Caitiff Shield	4	T4_ARTEFACT_OFF_SHIELD_HELL	Adept's Infernal Shield Core	1	false
Caitiff Shield	5	T5_ARTEFACT_OFF_SHIELD_HELL	Expert's Infernal Shield Core	1	false
Caitiff Shield	6	T6_ARTEFACT_OFF_SHIELD_HELL	Master's Infernal Shield Core	1	false
Caitiff Shield	7	T7_ARTEFACT_OFF_SHIELD_HELL	Grandmaster's Infernal Shield Core	1	false
Caitiff Shield	8	T8_ARTEFACT_OFF_SHIELD_HELL	Elder's Infernal Shield Core	1	false
Camlann Mace	4	T4_ARTEFACT_2H_MACE_MORGANA	Adept's Imbued Mace Head	1	false
Camlann Mace	5	T5_ARTEFACT_2H_MACE_MORGANA	Expert's Imbued Mace Head	1	false
Camlann Mace	6	T6_ARTEFACT_2H_MACE_MORGANA	Master's Imbued Mace Head	1	false
Camlann Mace	7	T7_ARTEFACT_2H_MACE_MORGANA	Grandmaster's Imbued Mace Head	1	false
Camlann Mace	8	T8_ARTEFACT_2H_MACE_MORGANA	Elder's Imbued Mace Head	1	false
Carrioncaller	4	T4_ARTEFACT_2H_HALBERD_MORGANA	Adept's Morgana Halberd Head	1	false
Carrioncaller	5	T5_ARTEFACT_2H_HALBERD_MORGANA	Expert's Morgana Halberd Head	1	false
Carrioncaller	6	T6_ARTEFACT_2H_HALBERD_MORGANA	Master's Morgana Halberd Head	1	false
Carrioncaller	7	T7_ARTEFACT_2H_HALBERD_MORGANA	Grandmaster's Morgana Halberd Head	1	false
Carrioncaller	8	T8_ARTEFACT_2H_HALBERD_MORGANA	Elder's Morgana Halberd Head	1	false
Carving Sword	4	T4_ARTEFACT_2H_CLEAVER_HELL	Adept's Demonic Blade	1	false
Carving Sword	5	T5_ARTEFACT_2H_CLEAVER_HELL	Expert's Demonic Blade	1	false
Carving Sword	6	T6_ARTEFACT_2H_CLEAVER_HELL	Master's Demonic Blade	1	false
Carving Sword	7	T7_ARTEFACT_2H_CLEAVER_HELL	Grandmaster's Demonic Blade	1	false
Carving Sword	8	T8_ARTEFACT_2H_CLEAVER_HELL	Elder's Demonic Blade	1	false
Celestial Censer	4	T4_ARTEFACT_OFF_CENSER_AVALON	Adept's Severed Celestial Keepsake	1	false
Celestial Censer	5	T5_ARTEFACT_OFF_CENSER_AVALON	Expert's Severed Celestial Keepsake	1	false
Celestial Censer	6	T6_ARTEFACT_OFF_CENSER_AVALON	Master's Severed Celestial Keepsake	1	false
Celestial Censer	7	T7_ARTEFACT_OFF_CENSER_AVALON	Grandmaster's Severed Celestial Keepsake	1	false
Celestial Censer	8	T8_ARTEFACT_OFF_CENSER_AVALON	Elder's Severed Celestial Keepsake	1	false
Chillhowl	4	T4_ARTEFACT_MAIN_FROSTSTAFF_AVALON	Adept's Chilled Crystalline Shard	1	false
Chillhowl	5	T5_ARTEFACT_MAIN_FROSTSTAFF_AVALON	Expert's Chilled Crystalline Shard	1	false
Chillhowl	6	T6_ARTEFACT_MAIN_FROSTSTAFF_AVALON	Master's Chilled Crystalline Shard	1	false
Chillhowl	7	T7_ARTEFACT_MAIN_FROSTSTAFF_AVALON	Grandmaster's Chilled Crystalline Shard	1	false
Chillhowl	8	T8_ARTEFACT_MAIN_FROSTSTAFF_AVALON	Elder's Chilled Crystalline Shard	1	false
Clarent Blade	4	T4_ARTEFACT_MAIN_SCIMITAR_MORGANA	Adept's Bloodforged Blade	1	false
Clarent Blade	5	T5_ARTEFACT_MAIN_SCIMITAR_MORGANA	Expert's Bloodforged Blade	1	false
Clarent Blade	6	T6_ARTEFACT_MAIN_SCIMITAR_MORGANA	Master's Bloodforged Blade	1	false
Clarent Blade	7	T7_ARTEFACT_MAIN_SCIMITAR_MORGANA	Grandmaster's Bloodforged Blade	1	false
Clarent Blade	8	T8_ARTEFACT_MAIN_SCIMITAR_MORGANA	Elder's Bloodforged Blade	1	false
Cowl of Purity	4	T4_ARTEFACT_HEAD_CLOTH_AVALON	Adept's Sanctified Mask	1	false
Cowl of Purity	5	T5_ARTEFACT_HEAD_CLOTH_AVALON	Expert's Sanctified Mask	1	false
Cowl of Purity	6	T6_ARTEFACT_HEAD_CLOTH_AVALON	Master's Sanctified Mask	1	false
Cowl of Purity	7	T7_ARTEFACT_HEAD_CLOTH_AVALON	Grandmaster's Sanctified Mask	1	false
Cowl of Purity	8	T8_ARTEFACT_HEAD_CLOTH_AVALON	Elder's Sanctified Mask	1	false
Cryptcandle	4	T4_ARTEFACT_OFF_LAMP_UNDEAD	Adept's Ghastly Candle	1	false
Cryptcandle	5	T5_ARTEFACT_OFF_LAMP_UNDEAD	Expert's Ghastly Candle	1	false
Cryptcandle	6	T6_ARTEFACT_OFF_LAMP_UNDEAD	Master's Ghastly Candle	1	false
Cryptcandle	7	T7_ARTEFACT_OFF_LAMP_UNDEAD	Grandmaster's Ghastly Candle	1	false
Cryptcandle	8	T8_ARTEFACT_OFF_LAMP_UNDEAD	Elder's Ghastly Candle	1	false
Crystal Reaper	4	T4_ARTEFACT_2H_SCYTHE_CRYSTAL	Adept's Edged Crystal	1	false
Crystal Reaper	5	T5_ARTEFACT_2H_SCYTHE_CRYSTAL	Expert's Edged Crystal	1	false
Crystal Reaper	6	T6_ARTEFACT_2H_SCYTHE_CRYSTAL	Master's Edged Crystal	1	false
Crystal Reaper	7	T7_ARTEFACT_2H_SCYTHE_CRYSTAL	Grandmaster's Edged Crystal	1	false
Crystal Reaper	8	T8_ARTEFACT_2H_SCYTHE_CRYSTAL	Elder's Edged Crystal	1	false
Cultist Cowl	4	T4_ARTEFACT_HEAD_CLOTH_MORGANA	Adept's Alluring Padding	1	false
Cultist Cowl	5	T5_ARTEFACT_HEAD_CLOTH_MORGANA	Expert's Alluring Padding	1	false
Cultist Cowl	6	T6_ARTEFACT_HEAD_CLOTH_MORGANA	Master's Alluring Padding	1	false
Cultist Cowl	7	T7_ARTEFACT_HEAD_CLOTH_MORGANA	Grandmaster's Alluring Padding	1	false
Cultist Cowl	8	T8_ARTEFACT_HEAD_CLOTH_MORGANA	Elder's Alluring Padding	1	false
Cultist Robe	4	T4_ARTEFACT_ARMOR_CLOTH_MORGANA	Adept's Alluring Amulet	1	false
Cultist Robe	5	T5_ARTEFACT_ARMOR_CLOTH_MORGANA	Expert's Alluring Amulet	1	false
Cultist Robe	6	T6_ARTEFACT_ARMOR_CLOTH_MORGANA	Master's Alluring Amulet	1	false
Cultist Robe	7	T7_ARTEFACT_ARMOR_CLOTH_MORGANA	Grandmaster's Alluring Amulet	1	false
Cultist Robe	8	T8_ARTEFACT_ARMOR_CLOTH_MORGANA	Elder's Alluring Amulet	1	false
Cultist Sandals	4	T4_ARTEFACT_SHOES_CLOTH_MORGANA	Adept's Alluring Bindings	1	false
Cultist Sandals	5	T5_ARTEFACT_SHOES_CLOTH_MORGANA	Expert's Alluring Bindings	1	false
Cultist Sandals	6	T6_ARTEFACT_SHOES_CLOTH_MORGANA	Master's Alluring Bindings	1	false
Cultist Sandals	7	T7_ARTEFACT_SHOES_CLOTH_MORGANA	Grandmaster's Alluring Bindings	1	false
Cultist Sandals	8	T8_ARTEFACT_SHOES_CLOTH_MORGANA	Elder's Alluring Bindings	1	false
Cursed Skull	4	T4_ARTEFACT_2H_SKULLORB_HELL	Adept's Cursed Jawbone	1	false
Cursed Skull	5	T5_ARTEFACT_2H_SKULLORB_HELL	Expert's Cursed Jawbone	1	false
Cursed Skull	6	T6_ARTEFACT_2H_SKULLORB_HELL	Master's Cursed Jawbone	1	false
Cursed Skull	7	T7_ARTEFACT_2H_SKULLORB_HELL	Grandmaster's Cursed Jawbone	1	false
Cursed Skull	8	T8_ARTEFACT_2H_SKULLORB_HELL	Elder's Cursed Jawbone	1	false
Damnation Staff	4	T4_ARTEFACT_2H_CURSEDSTAFF_MORGANA	Adept's Bloodforged Catalyst	1	false
Damnation Staff	5	T5_ARTEFACT_2H_CURSEDSTAFF_MORGANA	Expert's Bloodforged Catalyst	1	false
Damnation Staff	6	T6_ARTEFACT_2H_CURSEDSTAFF_MORGANA	Master's Bloodforged Catalyst	1	false
Damnation Staff	7	T7_ARTEFACT_2H_CURSEDSTAFF_MORGANA	Grandmaster's Bloodforged Catalyst	1	false
Damnation Staff	8	T8_ARTEFACT_2H_CURSEDSTAFF_MORGANA	Elder's Bloodforged Catalyst	1	false
Dawnsong	4	T4_ARTEFACT_2H_FIRE_RINGPAIR_AVALON	Adept's Glowing Harmonic Ring	1	false
Dawnsong	5	T5_ARTEFACT_2H_FIRE_RINGPAIR_AVALON	Expert's Glowing Harmonic Ring	1	false
Dawnsong	6	T6_ARTEFACT_2H_FIRE_RINGPAIR_AVALON	Master's Glowing Harmonic Ring	1	false
Dawnsong	7	T7_ARTEFACT_2H_FIRE_RINGPAIR_AVALON	Grandmaster's Glowing Harmonic Ring	1	false
Dawnsong	8	T8_ARTEFACT_2H_FIRE_RINGPAIR_AVALON	Elder's Glowing Harmonic Ring	1	false
Daybreaker	4	T4_ARTEFACT_MAIN_SPEAR_LANCE_AVALON	Adept's Ruined Ancestral Vamplate	1	false
Daybreaker	5	T5_ARTEFACT_MAIN_SPEAR_LANCE_AVALON	Expert's Ruined Ancestral Vamplate	1	false
Daybreaker	6	T6_ARTEFACT_MAIN_SPEAR_LANCE_AVALON	Master's Ruined Ancestral Vamplate	1	false
Daybreaker	7	T7_ARTEFACT_MAIN_SPEAR_LANCE_AVALON	Grandmaster's Ruined Ancestral Vamplate	1	false
Daybreaker	8	T8_ARTEFACT_MAIN_SPEAR_LANCE_AVALON	Elder's Ruined Ancestral Vamplate	1	false
Deathgivers	4	T4_ARTEFACT_2H_DUALSICKLE_UNDEAD	Adept's Ghastly Blades	1	false
Deathgivers	5	T5_ARTEFACT_2H_DUALSICKLE_UNDEAD	Expert's Ghastly Blades	1	false
Deathgivers	6	T6_ARTEFACT_2H_DUALSICKLE_UNDEAD	Master's Ghastly Blades	1	false
Deathgivers	7	T7_ARTEFACT_2H_DUALSICKLE_UNDEAD	Grandmaster's Ghastly Blades	1	false
Deathgivers	8	T8_ARTEFACT_2H_DUALSICKLE_UNDEAD	Elder's Ghastly Blades	1	false
Demon Armor	4	T4_ARTEFACT_ARMOR_PLATE_HELL	Adept's Demonic Plates	1	false
Demon Armor	5	T5_ARTEFACT_ARMOR_PLATE_HELL	Expert's Demonic Plates	1	false
Demon Armor	6	T6_ARTEFACT_ARMOR_PLATE_HELL	Master's Demonic Plates	1	false
Demon Armor	7	T7_ARTEFACT_ARMOR_PLATE_HELL	Grandmaster's Demonic Plates	1	false
Demon Armor	8	T8_ARTEFACT_ARMOR_PLATE_HELL	Elder's Demonic Plates	1	false
Demon Boots	4	T4_ARTEFACT_SHOES_PLATE_HELL	Adept's Demonic Filling	1	false
Demon Boots	5	T5_ARTEFACT_SHOES_PLATE_HELL	Expert's Demonic Filling	1	false
Demon Boots	6	T6_ARTEFACT_SHOES_PLATE_HELL	Master's Demonic Filling	1	false
Demon Boots	7	T7_ARTEFACT_SHOES_PLATE_HELL	Grandmaster's Demonic Filling	1	false
Demon Boots	8	T8_ARTEFACT_SHOES_PLATE_HELL	Elder's Demonic Filling	1	false
Demon Helmet	4	T4_ARTEFACT_HEAD_PLATE_HELL	Adept's Demonic Scraps	1	false
Demon Helmet	5	T5_ARTEFACT_HEAD_PLATE_HELL	Expert's Demonic Scraps	1	false
Demon Helmet	6	T6_ARTEFACT_HEAD_PLATE_HELL	Master's Demonic Scraps	1	false
Demon Helmet	7	T7_ARTEFACT_HEAD_PLATE_HELL	Grandmaster's Demonic Scraps	1	false
Demon Helmet	8	T8_ARTEFACT_HEAD_PLATE_HELL	Elder's Demonic Scraps	1	false
Demonfang	4	T4_ARTEFACT_MAIN_DAGGER_HELL	Adept's Broken Demonic Fang	1	false
Demonfang	5	T5_ARTEFACT_MAIN_DAGGER_HELL	Expert's Broken Demonic Fang	1	false
Demonfang	6	T6_ARTEFACT_MAIN_DAGGER_HELL	Master's Broken Demonic Fang	1	false
Demonfang	7	T7_ARTEFACT_MAIN_DAGGER_HELL	Grandmaster's Broken Demonic Fang	1	false
Demonfang	8	T8_ARTEFACT_MAIN_DAGGER_HELL	Elder's Broken Demonic Fang	1	false
Dreadstorm Monarch	4	T4_ARTEFACT_MAIN_MACE_CRYSTAL	Adept's Dreadstorm Crystal	1	false
Dreadstorm Monarch	5	T5_ARTEFACT_MAIN_MACE_CRYSTAL	Expert's Dreadstorm Crystal	1	false
Dreadstorm Monarch	6	T6_ARTEFACT_MAIN_MACE_CRYSTAL	Master's Dreadstorm Crystal	1	false
Dreadstorm Monarch	7	T7_ARTEFACT_MAIN_MACE_CRYSTAL	Grandmaster's Dreadstorm Crystal	1	false
Dreadstorm Monarch	8	T8_ARTEFACT_MAIN_MACE_CRYSTAL	Elder's Dreadstorm Crystal	1	false
Druid Cowl	4	T4_ARTEFACT_HEAD_CLOTH_KEEPER	Adept's Druidic Preserved Beak	1	false
Druid Cowl	5	T5_ARTEFACT_HEAD_CLOTH_KEEPER	Expert's Druidic Preserved Beak	1	false
Druid Cowl	6	T6_ARTEFACT_HEAD_CLOTH_KEEPER	Master's Druidic Preserved Beak	1	false
Druid Cowl	7	T7_ARTEFACT_HEAD_CLOTH_KEEPER	Grandmaster's Druidic Preserved Beak	1	false
Druid Cowl	8	T8_ARTEFACT_HEAD_CLOTH_KEEPER	Elder's Druidic Preserved Beak	1	false
Druid Robe	4	T4_ARTEFACT_ARMOR_CLOTH_KEEPER	Adept's Druidic Feathers	1	false
Druid Robe	5	T5_ARTEFACT_ARMOR_CLOTH_KEEPER	Expert's Druidic Feathers	1	false
Druid Robe	6	T6_ARTEFACT_ARMOR_CLOTH_KEEPER	Master's Druidic Feathers	1	false
Druid Robe	7	T7_ARTEFACT_ARMOR_CLOTH_KEEPER	Grandmaster's Druidic Feathers	1	false
Druid Robe	8	T8_ARTEFACT_ARMOR_CLOTH_KEEPER	Elder's Druidic Feathers	1	false
Druid Sandals	4	T4_ARTEFACT_SHOES_CLOTH_KEEPER	Adept's Druidic Bindings	1	false
Druid Sandals	5	T5_ARTEFACT_SHOES_CLOTH_KEEPER	Expert's Druidic Bindings	1	false
Druid Sandals	6	T6_ARTEFACT_SHOES_CLOTH_KEEPER	Master's Druidic Bindings	1	false
Druid Sandals	7	T7_ARTEFACT_SHOES_CLOTH_KEEPER	Grandmaster's Druidic Bindings	1	false
Druid Sandals	8	T8_ARTEFACT_SHOES_CLOTH_KEEPER	Elder's Druidic Bindings	1	false
Druidic Staff	4	T4_ARTEFACT_MAIN_NATURESTAFF_KEEPER	Adept's Druidic Inscriptions	1	false
Druidic Staff	5	T5_ARTEFACT_MAIN_NATURESTAFF_KEEPER	Expert's Druidic Inscriptions	1	false
Druidic Staff	6	T6_ARTEFACT_MAIN_NATURESTAFF_KEEPER	Master's Druidic Inscriptions	1	false
Druidic Staff	7	T7_ARTEFACT_MAIN_NATURESTAFF_KEEPER	Grandmaster's Druidic Inscriptions	1	false
Druidic Staff	8	T8_ARTEFACT_MAIN_NATURESTAFF_KEEPER	Elder's Druidic Inscriptions	1	false
Earthrune Staff	4	T4_ARTEFACT_2H_SHAPESHIFTER_KEEPER	Adept's Runestone Golem Remnant	1	false
Earthrune Staff	5	T5_ARTEFACT_2H_SHAPESHIFTER_KEEPER	Expert's Runestone Golem Remnant	1	false
Earthrune Staff	6	T6_ARTEFACT_2H_SHAPESHIFTER_KEEPER	Master's Runestone Golem Remnant	1	false
Earthrune Staff	7	T7_ARTEFACT_2H_SHAPESHIFTER_KEEPER	Grandmaster's Runestone Golem Remnant	1	false
Earthrune Staff	8	T8_ARTEFACT_2H_SHAPESHIFTER_KEEPER	Elder's Runestone Golem Remnant	1	false
Energy Shaper	4	T4_ARTEFACT_2H_CROSSBOW_CANNON_AVALON	Adept's Humming Avalonian Whirligig	1	false
Energy Shaper	5	T5_ARTEFACT_2H_CROSSBOW_CANNON_AVALON	Expert's Humming Avalonian Whirligig	1	false
Energy Shaper	6	T6_ARTEFACT_2H_CROSSBOW_CANNON_AVALON	Master's Humming Avalonian Whirligig	1	false
Energy Shaper	7	T7_ARTEFACT_2H_CROSSBOW_CANNON_AVALON	Grandmaster's Humming Avalonian Whirligig	1	false
Energy Shaper	8	T8_ARTEFACT_2H_CROSSBOW_CANNON_AVALON	Elder's Humming Avalonian Whirligig	1	false
Evensong	4	T4_ARTEFACT_2H_ARCANE_RINGPAIR_AVALON	Adept's Hypnotic Harmonic Ring	1	false
Evensong	5	T5_ARTEFACT_2H_ARCANE_RINGPAIR_AVALON	Expert's Hypnotic Harmonic Ring	1	false
Evensong	6	T6_ARTEFACT_2H_ARCANE_RINGPAIR_AVALON	Master's Hypnotic Harmonic Ring	1	false
Evensong	7	T7_ARTEFACT_2H_ARCANE_RINGPAIR_AVALON	Grandmaster's Hypnotic Harmonic Ring	1	false
Evensong	8	T8_ARTEFACT_2H_ARCANE_RINGPAIR_AVALON	Elder's Hypnotic Harmonic Ring	1	false
Exalted Staff	4	T4_ARTEFACT_2H_HOLYSTAFF_CRYSTAL	Adept's Exalted Crystal	1	false
Exalted Staff	5	T5_ARTEFACT_2H_HOLYSTAFF_CRYSTAL	Expert's Exalted Crystal	1	false
Exalted Staff	6	T6_ARTEFACT_2H_HOLYSTAFF_CRYSTAL	Master's Exalted Crystal	1	false
Exalted Staff	7	T7_ARTEFACT_2H_HOLYSTAFF_CRYSTAL	Grandmaster's Exalted Crystal	1	false
Exalted Staff	8	T8_ARTEFACT_2H_HOLYSTAFF_CRYSTAL	Elder's Exalted Crystal	1	false
Eye of Secrets	4	T4_ARTEFACT_OFF_ORB_MORGANA	Adept's Alluring Crystal	1	false
Eye of Secrets	5	T5_ARTEFACT_OFF_ORB_MORGANA	Expert's Alluring Crystal	1	false
Eye of Secrets	6	T6_ARTEFACT_OFF_ORB_MORGANA	Master's Alluring Crystal	1	false
Eye of Secrets	7	T7_ARTEFACT_OFF_ORB_MORGANA	Grandmaster's Alluring Crystal	1	false
Eye of Secrets	8	T8_ARTEFACT_OFF_ORB_MORGANA	Elder's Alluring Crystal	1	false
Facebreaker	4	T4_ARTEFACT_OFF_SPIKEDSHIELD_MORGANA	Adept's Bloodforged Spikes	1	false
Facebreaker	5	T5_ARTEFACT_OFF_SPIKEDSHIELD_MORGANA	Expert's Bloodforged Spikes	1	false
Facebreaker	6	T6_ARTEFACT_OFF_SPIKEDSHIELD_MORGANA	Master's Bloodforged Spikes	1	false
Facebreaker	7	T7_ARTEFACT_OFF_SPIKEDSHIELD_MORGANA	Grandmaster's Bloodforged Spikes	1	false
Facebreaker	8	T8_ARTEFACT_OFF_SPIKEDSHIELD_MORGANA	Elder's Bloodforged Spikes	1	false
Fallen Staff	4	T4_ARTEFACT_2H_HOLYSTAFF_HELL	Adept's Infernal Scroll	1	false
Fallen Staff	5	T5_ARTEFACT_2H_HOLYSTAFF_HELL	Expert's Infernal Scroll	1	false
Fallen Staff	6	T6_ARTEFACT_2H_HOLYSTAFF_HELL	Master's Infernal Scroll	1	false
Fallen Staff	7	T7_ARTEFACT_2H_HOLYSTAFF_HELL	Grandmaster's Infernal Scroll	1	false
Fallen Staff	8	T8_ARTEFACT_2H_HOLYSTAFF_HELL	Elder's Infernal Scroll	1	false
Fiend Cowl	4	T4_ARTEFACT_HEAD_CLOTH_HELL	Adept's Infernal Cloth Visor	1	false
Fiend Cowl	5	T5_ARTEFACT_HEAD_CLOTH_HELL	Expert's Infernal Cloth Visor	1	false
Fiend Cowl	6	T6_ARTEFACT_HEAD_CLOTH_HELL	Master's Infernal Cloth Visor	1	false
Fiend Cowl	7	T7_ARTEFACT_HEAD_CLOTH_HELL	Grandmaster's Infernal Cloth Visor	1	false
Fiend Cowl	8	T8_ARTEFACT_HEAD_CLOTH_HELL	Elder's Infernal Cloth Visor	1	false
Fiend Robe	4	T4_ARTEFACT_ARMOR_CLOTH_HELL	Adept's Infernal Cloth Folds	1	false
Fiend Robe	5	T5_ARTEFACT_ARMOR_CLOTH_HELL	Expert's Infernal Cloth Folds	1	false
Fiend Robe	6	T6_ARTEFACT_ARMOR_CLOTH_HELL	Master's Infernal Cloth Folds	1	false
Fiend Robe	7	T7_ARTEFACT_ARMOR_CLOTH_HELL	Grandmaster's Infernal Cloth Folds	1	false
Fiend Robe	8	T8_ARTEFACT_ARMOR_CLOTH_HELL	Elder's Infernal Cloth Folds	1	false
Fiend Sandals	4	T4_ARTEFACT_SHOES_CLOTH_HELL	Adept's Infernal Cloth Bindings	1	false
Fiend Sandals	5	T5_ARTEFACT_SHOES_CLOTH_HELL	Expert's Infernal Cloth Bindings	1	false
Fiend Sandals	6	T6_ARTEFACT_SHOES_CLOTH_HELL	Master's Infernal Cloth Bindings	1	false
Fiend Sandals	7	T7_ARTEFACT_SHOES_CLOTH_HELL	Grandmaster's Infernal Cloth Bindings	1	false
Fiend Sandals	8	T8_ARTEFACT_SHOES_CLOTH_HELL	Elder's Infernal Cloth Bindings	1	false
Fists of Avalon	4	T4_ARTEFACT_2H_KNUCKLES_AVALON	Adept's Damaged Avalonian Gauntlet	1	false
Fists of Avalon	5	T5_ARTEFACT_2H_KNUCKLES_AVALON	Expert's Damaged Avalonian Gauntlet	1	false
Fists of Avalon	6	T6_ARTEFACT_2H_KNUCKLES_AVALON	Master's Damaged Avalonian Gauntlet	1	false
Fists of Avalon	7	T7_ARTEFACT_2H_KNUCKLES_AVALON	Grandmaster's Damaged Avalonian Gauntlet	1	false
Fists of Avalon	8	T8_ARTEFACT_2H_KNUCKLES_AVALON	Elder's Damaged Avalonian Gauntlet	1	false
Flamewalker Staff	4	T4_ARTEFACT_MAIN_FIRESTAFF_CRYSTAL	Adept's Pyreheart Crystal	1	false
Flamewalker Staff	5	T5_ARTEFACT_MAIN_FIRESTAFF_CRYSTAL	Expert's Pyreheart Crystal	1	false
Flamewalker Staff	6	T6_ARTEFACT_MAIN_FIRESTAFF_CRYSTAL	Master's Pyreheart Crystal	1	false
Flamewalker Staff	7	T7_ARTEFACT_MAIN_FIRESTAFF_CRYSTAL	Grandmaster's Pyreheart Crystal	1	false
Flamewalker Staff	8	T8_ARTEFACT_MAIN_FIRESTAFF_CRYSTAL	Elder's Pyreheart Crystal	1	false
Forcepulse Bracers	4	T4_ARTEFACT_2H_KNUCKLES_CRYSTAL	Adept's Pulsating Crystal	1	false
Forcepulse Bracers	5	T5_ARTEFACT_2H_KNUCKLES_CRYSTAL	Expert's Pulsating Crystal	1	false
Forcepulse Bracers	6	T6_ARTEFACT_2H_KNUCKLES_CRYSTAL	Master's Pulsating Crystal	1	false
Forcepulse Bracers	7	T7_ARTEFACT_2H_KNUCKLES_CRYSTAL	Grandmaster's Pulsating Crystal	1	false
Forcepulse Bracers	8	T8_ARTEFACT_2H_KNUCKLES_CRYSTAL	Elder's Pulsating Crystal	1	false
Forge Hammers	4	T4_ARTEFACT_2H_DUALHAMMER_HELL	Adept's Hellish Hammer Heads	1	false
Forge Hammers	5	T5_ARTEFACT_2H_DUALHAMMER_HELL	Expert's Hellish Hammer Heads	1	false
Forge Hammers	6	T6_ARTEFACT_2H_DUALHAMMER_HELL	Master's Hellish Hammer Heads	1	false
Forge Hammers	7	T7_ARTEFACT_2H_DUALHAMMER_HELL	Grandmaster's Hellish Hammer Heads	1	false
Forge Hammers	8	T8_ARTEFACT_2H_DUALHAMMER_HELL	Elder's Hellish Hammer Heads	1	false
Forgebark Staff	4	T4_ARTEFACT_MAIN_NATURESTAFF_CRYSTAL	Adept's Forged Crystal	1	false
Forgebark Staff	5	T5_ARTEFACT_MAIN_NATURESTAFF_CRYSTAL	Expert's Forged Crystal	1	false
Forgebark Staff	6	T6_ARTEFACT_MAIN_NATURESTAFF_CRYSTAL	Master's Forged Crystal	1	false
Forgebark Staff	7	T7_ARTEFACT_MAIN_NATURESTAFF_CRYSTAL	Grandmaster's Forged Crystal	1	false
Forgebark Staff	8	T8_ARTEFACT_MAIN_NATURESTAFF_CRYSTAL	Elder's Forged Crystal	1	false
Galatine Pair	4	T4_ARTEFACT_2H_DUALSCIMITAR_UNDEAD	Adept's Cursed Blades	1	false
Galatine Pair	5	T5_ARTEFACT_2H_DUALSCIMITAR_UNDEAD	Expert's Cursed Blades	1	false
Galatine Pair	6	T6_ARTEFACT_2H_DUALSCIMITAR_UNDEAD	Master's Cursed Blades	1	false
Galatine Pair	7	T7_ARTEFACT_2H_DUALSCIMITAR_UNDEAD	Grandmaster's Cursed Blades	1	false
Galatine Pair	8	T8_ARTEFACT_2H_DUALSCIMITAR_UNDEAD	Elder's Cursed Blades	1	false
Grailseeker	4	T4_ARTEFACT_2H_QUARTERSTAFF_AVALON	Adept's Timeworn Walking Staff	1	false
Grailseeker	5	T5_ARTEFACT_2H_QUARTERSTAFF_AVALON	Expert's Timeworn Walking Staff	1	false
Grailseeker	6	T6_ARTEFACT_2H_QUARTERSTAFF_AVALON	Master's Timeworn Walking Staff	1	false
Grailseeker	7	T7_ARTEFACT_2H_QUARTERSTAFF_AVALON	Grandmaster's Timeworn Walking Staff	1	false
Grailseeker	8	T8_ARTEFACT_2H_QUARTERSTAFF_AVALON	Elder's Timeworn Walking Staff	1	false
Graveguard Armor	4	T4_ARTEFACT_ARMOR_PLATE_UNDEAD	Adept's Ancient Chain Rings	1	false
Graveguard Armor	5	T5_ARTEFACT_ARMOR_PLATE_UNDEAD	Expert's Ancient Chain Rings	1	false
Graveguard Armor	6	T6_ARTEFACT_ARMOR_PLATE_UNDEAD	Master's Ancient Chain Rings	1	false
Graveguard Armor	7	T7_ARTEFACT_ARMOR_PLATE_UNDEAD	Grandmaster's Ancient Chain Rings	1	false
Graveguard Armor	8	T8_ARTEFACT_ARMOR_PLATE_UNDEAD	Elder's Ancient Chain Rings	1	false
Graveguard Boots	4	T4_ARTEFACT_SHOES_PLATE_UNDEAD	Adept's Ancient Bindings	1	false
Graveguard Boots	5	T5_ARTEFACT_SHOES_PLATE_UNDEAD	Expert's Ancient Bindings	1	false
Graveguard Boots	6	T6_ARTEFACT_SHOES_PLATE_UNDEAD	Master's Ancient Bindings	1	false
Graveguard Boots	7	T7_ARTEFACT_SHOES_PLATE_UNDEAD	Grandmaster's Ancient Bindings	1	false
Graveguard Boots	8	T8_ARTEFACT_SHOES_PLATE_UNDEAD	Elder's Ancient Bindings	1	false
Graveguard Helmet	4	T4_ARTEFACT_HEAD_PLATE_UNDEAD	Adept's Ancient Padding	1	false
Graveguard Helmet	5	T5_ARTEFACT_HEAD_PLATE_UNDEAD	Expert's Ancient Padding	1	false
Graveguard Helmet	6	T6_ARTEFACT_HEAD_PLATE_UNDEAD	Master's Ancient Padding	1	false
Graveguard Helmet	7	T7_ARTEFACT_HEAD_PLATE_UNDEAD	Grandmaster's Ancient Padding	1	false
Graveguard Helmet	8	T8_ARTEFACT_HEAD_PLATE_UNDEAD	Elder's Ancient Padding	1	false
Grovekeeper	4	T4_ARTEFACT_2H_RAM_KEEPER	Adept's Engraved Log	1	false
Grovekeeper	5	T5_ARTEFACT_2H_RAM_KEEPER	Expert's Engraved Log	1	false
Grovekeeper	6	T6_ARTEFACT_2H_RAM_KEEPER	Master's Engraved Log	1	false
Grovekeeper	7	T7_ARTEFACT_2H_RAM_KEEPER	Grandmaster's Engraved Log	1	false
Grovekeeper	8	T8_ARTEFACT_2H_RAM_KEEPER	Elder's Engraved Log	1	false
Hallowfall	4	T4_ARTEFACT_MAIN_HOLYSTAFF_AVALON	Adept's Messianic Curio	1	false
Hallowfall	5	T5_ARTEFACT_MAIN_HOLYSTAFF_AVALON	Expert's Messianic Curio	1	false
Hallowfall	6	T6_ARTEFACT_MAIN_HOLYSTAFF_AVALON	Master's Messianic Curio	1	false
Hallowfall	7	T7_ARTEFACT_MAIN_HOLYSTAFF_AVALON	Grandmaster's Messianic Curio	1	false
Hallowfall	8	T8_ARTEFACT_MAIN_HOLYSTAFF_AVALON	Elder's Messianic Curio	1	false
Hand of Justice	4	T4_ARTEFACT_2H_HAMMER_AVALON	Adept's Massive Metallic Hand	1	false
Hand of Justice	5	T5_ARTEFACT_2H_HAMMER_AVALON	Expert's Massive Metallic Hand	1	false
Hand of Justice	6	T6_ARTEFACT_2H_HAMMER_AVALON	Master's Massive Metallic Hand	1	false
Hand of Justice	7	T7_ARTEFACT_2H_HAMMER_AVALON	Grandmaster's Massive Metallic Hand	1	false
Hand of Justice	8	T8_ARTEFACT_2H_HAMMER_AVALON	Elder's Massive Metallic Hand	1	false
Hellfire Hands	4	T4_ARTEFACT_2H_KNUCKLES_HELL	Adept's Severed Demonic Horns	1	false
Hellfire Hands	5	T5_ARTEFACT_2H_KNUCKLES_HELL	Expert's Severed Demonic Horns	1	false
Hellfire Hands	6	T6_ARTEFACT_2H_KNUCKLES_HELL	Master's Severed Demonic Horns	1	false
Hellfire Hands	7	T7_ARTEFACT_2H_KNUCKLES_HELL	Grandmaster's Severed Demonic Horns	1	false
Hellfire Hands	8	T8_ARTEFACT_2H_KNUCKLES_HELL	Elder's Severed Demonic Horns	1	false
Hellion Hood	4	T4_ARTEFACT_HEAD_LEATHER_HELL	Adept's Demonhide Padding	1	false
Hellion Hood	5	T5_ARTEFACT_HEAD_LEATHER_HELL	Expert's Demonhide Padding	1	false
Hellion Hood	6	T6_ARTEFACT_HEAD_LEATHER_HELL	Master's Demonhide Padding	1	false
Hellion Hood	7	T7_ARTEFACT_HEAD_LEATHER_HELL	Grandmaster's Demonhide Padding	1	false
Hellion Hood	8	T8_ARTEFACT_HEAD_LEATHER_HELL	Elder's Demonhide Padding	1	false
Hellion Jacket	4	T4_ARTEFACT_ARMOR_LEATHER_HELL	Adept's Demonhide Leather	1	false
Hellion Jacket	5	T5_ARTEFACT_ARMOR_LEATHER_HELL	Expert's Demonhide Leather	1	false
Hellion Jacket	6	T6_ARTEFACT_ARMOR_LEATHER_HELL	Master's Demonhide Leather	1	false
Hellion Jacket	7	T7_ARTEFACT_ARMOR_LEATHER_HELL	Grandmaster's Demonhide Leather	1	false
Hellion Jacket	8	T8_ARTEFACT_ARMOR_LEATHER_HELL	Elder's Demonhide Leather	1	false
Hellion Shoes	4	T4_ARTEFACT_SHOES_LEATHER_HELL	Adept's Demonhide Bindings	1	false
Hellion Shoes	5	T5_ARTEFACT_SHOES_LEATHER_HELL	Expert's Demonhide Bindings	1	false
Hellion Shoes	6	T6_ARTEFACT_SHOES_LEATHER_HELL	Master's Demonhide Bindings	1	false
Hellion Shoes	7	T7_ARTEFACT_SHOES_LEATHER_HELL	Grandmaster's Demonhide Bindings	1	false
Hellion Shoes	8	T8_ARTEFACT_SHOES_LEATHER_HELL	Elder's Demonhide Bindings	1	false
Hellspawn Staff	4	T4_ARTEFACT_2H_SHAPESHIFTER_HELL	Adept's Hellfire Imp Remnant	1	false
Hellspawn Staff	5	T5_ARTEFACT_2H_SHAPESHIFTER_HELL	Expert's Hellfire Imp Remnant	1	false
Hellspawn Staff	6	T6_ARTEFACT_2H_SHAPESHIFTER_HELL	Master's Hellfire Imp Remnant	1	false
Hellspawn Staff	7	T7_ARTEFACT_2H_SHAPESHIFTER_HELL	Grandmaster's Hellfire Imp Remnant	1	false
Hellspawn Staff	8	T8_ARTEFACT_2H_SHAPESHIFTER_HELL	Elder's Hellfire Imp Remnant	1	false
Helmet of Valor	4	T4_ARTEFACT_HEAD_PLATE_AVALON	Adept's Exalted Visor	1	false
Helmet of Valor	5	T5_ARTEFACT_HEAD_PLATE_AVALON	Expert's Exalted Visor	1	false
Helmet of Valor	6	T6_ARTEFACT_HEAD_PLATE_AVALON	Master's Exalted Visor	1	false
Helmet of Valor	7	T7_ARTEFACT_HEAD_PLATE_AVALON	Grandmaster's Exalted Visor	1	false
Helmet of Valor	8	T8_ARTEFACT_HEAD_PLATE_AVALON	Elder's Exalted Visor	1	false
Heron Spear	4	T4_ARTEFACT_MAIN_SPEAR_KEEPER	Adept's Keeper Spearhead	1	false
Heron Spear	5	T5_ARTEFACT_MAIN_SPEAR_KEEPER	Expert's Keeper Spearhead	1	false
Heron Spear	6	T6_ARTEFACT_MAIN_SPEAR_KEEPER	Master's Keeper Spearhead	1	false
Heron Spear	7	T7_ARTEFACT_MAIN_SPEAR_KEEPER	Grandmaster's Keeper Spearhead	1	false
Heron Spear	8	T8_ARTEFACT_MAIN_SPEAR_KEEPER	Elder's Keeper Spearhead	1	false
Hoarfrost Staff	4	T4_ARTEFACT_MAIN_FROSTSTAFF_KEEPER	Adept's Hoarfrost Orb	1	false
Hoarfrost Staff	5	T5_ARTEFACT_MAIN_FROSTSTAFF_KEEPER	Expert's Hoarfrost Orb	1	false
Hoarfrost Staff	6	T6_ARTEFACT_MAIN_FROSTSTAFF_KEEPER	Master's Hoarfrost Orb	1	false
Hoarfrost Staff	7	T7_ARTEFACT_MAIN_FROSTSTAFF_KEEPER	Grandmaster's Hoarfrost Orb	1	false
Hoarfrost Staff	8	T8_ARTEFACT_MAIN_FROSTSTAFF_KEEPER	Elder's Hoarfrost Orb	1	false
Hood of Tenacity	4	T4_ARTEFACT_HEAD_LEATHER_AVALON	Adept's Augured Padding	1	false
Hood of Tenacity	5	T5_ARTEFACT_HEAD_LEATHER_AVALON	Expert's Augured Padding	1	false
Hood of Tenacity	6	T6_ARTEFACT_HEAD_LEATHER_AVALON	Master's Augured Padding	1	false
Hood of Tenacity	7	T7_ARTEFACT_HEAD_LEATHER_AVALON	Grandmaster's Augured Padding	1	false
Hood of Tenacity	8	T8_ARTEFACT_HEAD_LEATHER_AVALON	Elder's Augured Padding	1	false
Icicle Staff	4	T4_ARTEFACT_2H_ICEGAUNTLETS_HELL	Adept's Icicle Orb	1	false
Icicle Staff	5	T5_ARTEFACT_2H_ICEGAUNTLETS_HELL	Expert's Icicle Orb	1	false
Icicle Staff	6	T6_ARTEFACT_2H_ICEGAUNTLETS_HELL	Master's Icicle Orb	1	false
Icicle Staff	7	T7_ARTEFACT_2H_ICEGAUNTLETS_HELL	Grandmaster's Icicle Orb	1	false
Icicle Staff	8	T8_ARTEFACT_2H_ICEGAUNTLETS_HELL	Elder's Icicle Orb	1	false
Incubus Mace	4	T4_ARTEFACT_MAIN_MACE_HELL	Adept's Infernal Mace Head	1	false
Incubus Mace	5	T5_ARTEFACT_MAIN_MACE_HELL	Expert's Infernal Mace Head	1	false
Incubus Mace	6	T6_ARTEFACT_MAIN_MACE_HELL	Master's Infernal Mace Head	1	false
Incubus Mace	7	T7_ARTEFACT_MAIN_MACE_HELL	Grandmaster's Infernal Mace Head	1	false
Incubus Mace	8	T8_ARTEFACT_MAIN_MACE_HELL	Elder's Infernal Mace Head	1	false
Infernal Scythe	4	T4_ARTEFACT_2H_SCYTHE_HELL	Adept's Hellish Sicklehead	1	false
Infernal Scythe	5	T5_ARTEFACT_2H_SCYTHE_HELL	Expert's Hellish Sicklehead	1	false
Infernal Scythe	6	T6_ARTEFACT_2H_SCYTHE_HELL	Master's Hellish Sicklehead	1	false
Infernal Scythe	7	T7_ARTEFACT_2H_SCYTHE_HELL	Grandmaster's Hellish Sicklehead	1	false
Infernal Scythe	8	T8_ARTEFACT_2H_SCYTHE_HELL	Elder's Hellish Sicklehead	1	false
Infinity Blade	4	T4_ARTEFACT_MAIN_SWORD_CRYSTAL	Adept's Infinite Crystal	1	false
Infinity Blade	5	T5_ARTEFACT_MAIN_SWORD_CRYSTAL	Expert's Infinite Crystal	1	false
Infinity Blade	6	T6_ARTEFACT_MAIN_SWORD_CRYSTAL	Master's Infinite Crystal	1	false
Infinity Blade	7	T7_ARTEFACT_MAIN_SWORD_CRYSTAL	Grandmaster's Infinite Crystal	1	false
Infinity Blade	8	T8_ARTEFACT_MAIN_SWORD_CRYSTAL	Elder's Infinite Crystal	1	false
Ironroot Staff	4	T4_ARTEFACT_MAIN_NATURESTAFF_AVALON	Adept's Uprooted Perennial Sapling	1	false
Ironroot Staff	5	T5_ARTEFACT_MAIN_NATURESTAFF_AVALON	Expert's Uprooted Perennial Sapling	1	false
Ironroot Staff	6	T6_ARTEFACT_MAIN_NATURESTAFF_AVALON	Master's Uprooted Perennial Sapling	1	false
Ironroot Staff	7	T7_ARTEFACT_MAIN_NATURESTAFF_AVALON	Grandmaster's Uprooted Perennial Sapling	1	false
Ironroot Staff	8	T8_ARTEFACT_MAIN_NATURESTAFF_AVALON	Elder's Uprooted Perennial Sapling	1	false
Jacket of Tenacity	4	T4_ARTEFACT_ARMOR_LEATHER_AVALON	Adept's Augured Sash	1	false
Jacket of Tenacity	5	T5_ARTEFACT_ARMOR_LEATHER_AVALON	Expert's Augured Sash	1	false
Jacket of Tenacity	6	T6_ARTEFACT_ARMOR_LEATHER_AVALON	Master's Augured Sash	1	false
Jacket of Tenacity	7	T7_ARTEFACT_ARMOR_LEATHER_AVALON	Grandmaster's Augured Sash	1	false
Jacket of Tenacity	8	T8_ARTEFACT_ARMOR_LEATHER_AVALON	Elder's Augured Sash	1	false
Judicator Armor	4	T4_ARTEFACT_ARMOR_PLATE_KEEPER	Adept's Preserved Animal Fur	1	false
Judicator Armor	5	T5_ARTEFACT_ARMOR_PLATE_KEEPER	Expert's Preserved Animal Fur	1	false
Judicator Armor	6	T6_ARTEFACT_ARMOR_PLATE_KEEPER	Master's Preserved Animal Fur	1	false
Judicator Armor	7	T7_ARTEFACT_ARMOR_PLATE_KEEPER	Grandmaster's Preserved Animal Fur	1	false
Judicator Armor	8	T8_ARTEFACT_ARMOR_PLATE_KEEPER	Elder's Preserved Animal Fur	1	false
Judicator Boots	4	T4_ARTEFACT_SHOES_PLATE_KEEPER	Adept's Inscribed Bindings	1	false
Judicator Boots	5	T5_ARTEFACT_SHOES_PLATE_KEEPER	Expert's Inscribed Bindings	1	false
Judicator Boots	6	T6_ARTEFACT_SHOES_PLATE_KEEPER	Master's Inscribed Bindings	1	false
Judicator Boots	7	T7_ARTEFACT_SHOES_PLATE_KEEPER	Grandmaster's Inscribed Bindings	1	false
Judicator Boots	8	T8_ARTEFACT_SHOES_PLATE_KEEPER	Elder's Inscribed Bindings	1	false
Judicator Helmet	4	T4_ARTEFACT_HEAD_PLATE_KEEPER	Adept's Carved Skull Padding	1	false
Judicator Helmet	5	T5_ARTEFACT_HEAD_PLATE_KEEPER	Expert's Carved Skull Padding	1	false
Judicator Helmet	6	T6_ARTEFACT_HEAD_PLATE_KEEPER	Master's Carved Skull Padding	1	false
Judicator Helmet	7	T7_ARTEFACT_HEAD_PLATE_KEEPER	Grandmaster's Carved Skull Padding	1	false
Judicator Helmet	8	T8_ARTEFACT_HEAD_PLATE_KEEPER	Elder's Carved Skull Padding	1	false
Kingmaker	4	T4_ARTEFACT_2H_CLAYMORE_AVALON	Adept's Remnants of the Old King	1	false
Kingmaker	5	T5_ARTEFACT_2H_CLAYMORE_AVALON	Expert's Remnants of the Old King	1	false
Kingmaker	6	T6_ARTEFACT_2H_CLAYMORE_AVALON	Master's Remnants of the Old King	1	false
Kingmaker	7	T7_ARTEFACT_2H_CLAYMORE_AVALON	Grandmaster's Remnants of the Old King	1	false
Kingmaker	8	T8_ARTEFACT_2H_CLAYMORE_AVALON	Elder's Remnants of the Old King	1	false
Leering Cane	4	T4_ARTEFACT_OFF_JESTERCANE_HELL	Adept's Hellish Handle	1	false
Leering Cane	5	T5_ARTEFACT_OFF_JESTERCANE_HELL	Expert's Hellish Handle	1	false
Leering Cane	6	T6_ARTEFACT_OFF_JESTERCANE_HELL	Master's Hellish Handle	1	false
Leering Cane	7	T7_ARTEFACT_OFF_JESTERCANE_HELL	Grandmaster's Hellish Handle	1	false
Leering Cane	8	T8_ARTEFACT_OFF_JESTERCANE_HELL	Elder's Hellish Handle	1	false
Lifecurse Staff	4	T4_ARTEFACT_MAIN_CURSEDSTAFF_UNDEAD	Adept's Lost Cursed Crystal	1	false
Lifecurse Staff	5	T5_ARTEFACT_MAIN_CURSEDSTAFF_UNDEAD	Expert's Lost Cursed Crystal	1	false
Lifecurse Staff	6	T6_ARTEFACT_MAIN_CURSEDSTAFF_UNDEAD	Master's Lost Cursed Crystal	1	false
Lifecurse Staff	7	T7_ARTEFACT_MAIN_CURSEDSTAFF_UNDEAD	Grandmaster's Lost Cursed Crystal	1	false
Lifecurse Staff	8	T8_ARTEFACT_MAIN_CURSEDSTAFF_UNDEAD	Elder's Lost Cursed Crystal	1	false
Lifetouch Staff	4	T4_ARTEFACT_MAIN_HOLYSTAFF_MORGANA	Adept's Possessed Scroll	1	false
Lifetouch Staff	5	T5_ARTEFACT_MAIN_HOLYSTAFF_MORGANA	Expert's Possessed Scroll	1	false
Lifetouch Staff	6	T6_ARTEFACT_MAIN_HOLYSTAFF_MORGANA	Master's Possessed Scroll	1	false
Lifetouch Staff	7	T7_ARTEFACT_MAIN_HOLYSTAFF_MORGANA	Grandmaster's Possessed Scroll	1	false
Lifetouch Staff	8	T8_ARTEFACT_MAIN_HOLYSTAFF_MORGANA	Elder's Possessed Scroll	1	false
Lightcaller	4	T4_ARTEFACT_2H_SHAPESHIFTER_AVALON	Adept's Dawnbird Remnant	1	false
Lightcaller	5	T5_ARTEFACT_2H_SHAPESHIFTER_AVALON	Expert's Dawnbird Remnant	1	false
Lightcaller	6	T6_ARTEFACT_2H_SHAPESHIFTER_AVALON	Master's Dawnbird Remnant	1	false
Lightcaller	7	T7_ARTEFACT_2H_SHAPESHIFTER_AVALON	Grandmaster's Dawnbird Remnant	1	false
Lightcaller	8	T8_ARTEFACT_2H_SHAPESHIFTER_AVALON	Elder's Dawnbird Remnant	1	false
Malevolent Locus	4	T4_ARTEFACT_2H_ENIGMATICORB_MORGANA	Adept's Possessed Catalyst	1	false
Malevolent Locus	5	T5_ARTEFACT_2H_ENIGMATICORB_MORGANA	Expert's Possessed Catalyst	1	false
Malevolent Locus	6	T6_ARTEFACT_2H_ENIGMATICORB_MORGANA	Master's Possessed Catalyst	1	false
Malevolent Locus	7	T7_ARTEFACT_2H_ENIGMATICORB_MORGANA	Grandmaster's Possessed Catalyst	1	false
Malevolent Locus	8	T8_ARTEFACT_2H_ENIGMATICORB_MORGANA	Elder's Possessed Catalyst	1	false
Mistcaller	4	T4_ARTEFACT_OFF_HORN_KEEPER	Adept's Runed Horn	1	false
Mistcaller	5	T5_ARTEFACT_OFF_HORN_KEEPER	Expert's Runed Horn	1	false
Mistcaller	6	T6_ARTEFACT_OFF_HORN_KEEPER	Master's Runed Horn	1	false
Mistcaller	7	T7_ARTEFACT_OFF_HORN_KEEPER	Grandmaster's Runed Horn	1	false
Mistcaller	8	T8_ARTEFACT_OFF_HORN_KEEPER	Elder's Runed Horn	1	false
Mistpiercer	4	T4_ARTEFACT_2H_BOW_AVALON	Adept's Immaculately Crafted Riser	1	false
Mistpiercer	5	T5_ARTEFACT_2H_BOW_AVALON	Expert's Immaculately Crafted Riser	1	false
Mistpiercer	6	T6_ARTEFACT_2H_BOW_AVALON	Master's Immaculately Crafted Riser	1	false
Mistpiercer	7	T7_ARTEFACT_2H_BOW_AVALON	Grandmaster's Immaculately Crafted Riser	1	false
Mistpiercer	8	T8_ARTEFACT_2H_BOW_AVALON	Elder's Immaculately Crafted Riser	1	false
Muisak	4	T4_ARTEFACT_OFF_DEMONSKULL_HELL	Adept's Demonic Jawbone	1	false
Muisak	5	T5_ARTEFACT_OFF_DEMONSKULL_HELL	Expert's Demonic Jawbone	1	false
Muisak	6	T6_ARTEFACT_OFF_DEMONSKULL_HELL	Master's Demonic Jawbone	1	false
Muisak	7	T7_ARTEFACT_OFF_DEMONSKULL_HELL	Grandmaster's Demonic Jawbone	1	false
Muisak	8	T8_ARTEFACT_OFF_DEMONSKULL_HELL	Elder's Demonic Jawbone	1	false
Oathkeepers	4	T4_ARTEFACT_2H_DUALMACE_AVALON	Adept's Broken Oaths	1	false
Oathkeepers	5	T5_ARTEFACT_2H_DUALMACE_AVALON	Expert's Broken Oaths	1	false
Oathkeepers	6	T6_ARTEFACT_2H_DUALMACE_AVALON	Master's Broken Oaths	1	false
Oathkeepers	7	T7_ARTEFACT_2H_DUALMACE_AVALON	Grandmaster's Broken Oaths	1	false
Oathkeepers	8	T8_ARTEFACT_2H_DUALMACE_AVALON	Elder's Broken Oaths	1	false
Occult Staff	4	T4_ARTEFACT_2H_ARCANESTAFF_HELL	Adept's Occult Orb	1	false
Occult Staff	5	T5_ARTEFACT_2H_ARCANESTAFF_HELL	Expert's Occult Orb	1	false
Occult Staff	6	T6_ARTEFACT_2H_ARCANESTAFF_HELL	Master's Occult Orb	1	false
Occult Staff	7	T7_ARTEFACT_2H_ARCANESTAFF_HELL	Grandmaster's Occult Orb	1	false
Occult Staff	8	T8_ARTEFACT_2H_ARCANESTAFF_HELL	Elder's Occult Orb	1	false
Permafrost Prism	4	T4_ARTEFACT_2H_ICECRYSTAL_UNDEAD	Adept's Cursed Frozen Crystal	1	false
Permafrost Prism	5	T5_ARTEFACT_2H_ICECRYSTAL_UNDEAD	Expert's Cursed Frozen Crystal	1	false
Permafrost Prism	6	T6_ARTEFACT_2H_ICECRYSTAL_UNDEAD	Master's Cursed Frozen Crystal	1	false
Permafrost Prism	7	T7_ARTEFACT_2H_ICECRYSTAL_UNDEAD	Grandmaster's Cursed Frozen Crystal	1	false
Permafrost Prism	8	T8_ARTEFACT_2H_ICECRYSTAL_UNDEAD	Elder's Cursed Frozen Crystal	1	false
Phantom Twinblade	4	T4_ARTEFACT_2H_DOUBLEBLADEDSTAFF_CRYSTAL	Adept's Mirage Crystal	1	false
Phantom Twinblade	5	T5_ARTEFACT_2H_DOUBLEBLADEDSTAFF_CRYSTAL	Expert's Mirage Crystal	1	false
Phantom Twinblade	6	T6_ARTEFACT_2H_DOUBLEBLADEDSTAFF_CRYSTAL	Master's Mirage Crystal	1	false
Phantom Twinblade	7	T7_ARTEFACT_2H_DOUBLEBLADEDSTAFF_CRYSTAL	Grandmaster's Mirage Crystal	1	false
Phantom Twinblade	8	T8_ARTEFACT_2H_DOUBLEBLADEDSTAFF_CRYSTAL	Elder's Mirage Crystal	1	false
Rampant Staff	4	T4_ARTEFACT_2H_NATURESTAFF_KEEPER	Adept's Preserved Log	1	false
Rampant Staff	5	T5_ARTEFACT_2H_NATURESTAFF_KEEPER	Expert's Preserved Log	1	false
Rampant Staff	6	T6_ARTEFACT_2H_NATURESTAFF_KEEPER	Master's Preserved Log	1	false
Rampant Staff	7	T7_ARTEFACT_2H_NATURESTAFF_KEEPER	Grandmaster's Preserved Log	1	false
Rampant Staff	8	T8_ARTEFACT_2H_NATURESTAFF_KEEPER	Elder's Preserved Log	1	false
Ravenstrike Cestus	4	T4_ARTEFACT_2H_KNUCKLES_MORGANA	Adept's Warped Raven Plate	1	false
Ravenstrike Cestus	5	T5_ARTEFACT_2H_KNUCKLES_MORGANA	Expert's Warped Raven Plate	1	false
Ravenstrike Cestus	6	T6_ARTEFACT_2H_KNUCKLES_MORGANA	Master's Warped Raven Plate	1	false
Ravenstrike Cestus	7	T7_ARTEFACT_2H_KNUCKLES_MORGANA	Grandmaster's Warped Raven Plate	1	false
Ravenstrike Cestus	8	T8_ARTEFACT_2H_KNUCKLES_MORGANA	Elder's Warped Raven Plate	1	false
Realmbreaker	4	T4_ARTEFACT_2H_AXE_AVALON	Adept's Avalonian Battle Memoir	1	false
Realmbreaker	5	T5_ARTEFACT_2H_AXE_AVALON	Expert's Avalonian Battle Memoir	1	false
Realmbreaker	6	T6_ARTEFACT_2H_AXE_AVALON	Master's Avalonian Battle Memoir	1	false
Realmbreaker	7	T7_ARTEFACT_2H_AXE_AVALON	Grandmaster's Avalonian Battle Memoir	1	false
Realmbreaker	8	T8_ARTEFACT_2H_AXE_AVALON	Elder's Avalonian Battle Memoir	1	false
Redemption Staff	4	T4_ARTEFACT_2H_HOLYSTAFF_UNDEAD	Adept's Ghastly Scroll	1	false
Redemption Staff	5	T5_ARTEFACT_2H_HOLYSTAFF_UNDEAD	Expert's Ghastly Scroll	1	false
Redemption Staff	6	T6_ARTEFACT_2H_HOLYSTAFF_UNDEAD	Master's Ghastly Scroll	1	false
Redemption Staff	7	T7_ARTEFACT_2H_HOLYSTAFF_UNDEAD	Grandmaster's Ghastly Scroll	1	false
Redemption Staff	8	T8_ARTEFACT_2H_HOLYSTAFF_UNDEAD	Elder's Ghastly Scroll	1	false
Rift Glaive	4	T4_ARTEFACT_2H_GLAIVE_CRYSTAL	Adept's Rift Crystal	1	false
Rift Glaive	5	T5_ARTEFACT_2H_GLAIVE_CRYSTAL	Expert's Rift Crystal	1	false
Rift Glaive	6	T6_ARTEFACT_2H_GLAIVE_CRYSTAL	Master's Rift Crystal	1	false
Rift Glaive	7	T7_ARTEFACT_2H_GLAIVE_CRYSTAL	Grandmaster's Rift Crystal	1	false
Rift Glaive	8	T8_ARTEFACT_2H_GLAIVE_CRYSTAL	Elder's Rift Crystal	1	false
Robe of Purity	4	T4_ARTEFACT_ARMOR_CLOTH_AVALON	Adept's Sanctified Belt	1	false
Robe of Purity	5	T5_ARTEFACT_ARMOR_CLOTH_AVALON	Expert's Sanctified Belt	1	false
Robe of Purity	6	T6_ARTEFACT_ARMOR_CLOTH_AVALON	Master's Sanctified Belt	1	false
Robe of Purity	7	T7_ARTEFACT_ARMOR_CLOTH_AVALON	Grandmaster's Sanctified Belt	1	false
Robe of Purity	8	T8_ARTEFACT_ARMOR_CLOTH_AVALON	Elder's Sanctified Belt	1	false
Rotcaller Staff	4	T4_ARTEFACT_MAIN_CURSEDSTAFF_CRYSTAL	Adept's Rotten Crystal	1	false
Rotcaller Staff	5	T5_ARTEFACT_MAIN_CURSEDSTAFF_CRYSTAL	Expert's Rotten Crystal	1	false
Rotcaller Staff	6	T6_ARTEFACT_MAIN_CURSEDSTAFF_CRYSTAL	Master's Rotten Crystal	1	false
Rotcaller Staff	7	T7_ARTEFACT_MAIN_CURSEDSTAFF_CRYSTAL	Grandmaster's Rotten Crystal	1	false
Rotcaller Staff	8	T8_ARTEFACT_MAIN_CURSEDSTAFF_CRYSTAL	Elder's Rotten Crystal	1	false
Royal Armor	4	QUESTITEM_TOKEN_ROYAL_T4	Adept's Royal Sigil	4	false
Royal Armor	5	QUESTITEM_TOKEN_ROYAL_T5	Expert's Royal Sigil	8	false
Royal Armor	6	QUESTITEM_TOKEN_ROYAL_T6	Master's Royal Sigil	16	false
Royal Armor	7	QUESTITEM_TOKEN_ROYAL_T7	Grandmaster's Royal Sigil	16	false
Royal Armor	8	QUESTITEM_TOKEN_ROYAL_T8	Elder's Royal Sigil	16	false
Royal Boots	4	QUESTITEM_TOKEN_ROYAL_T4	Adept's Royal Sigil	2	false
Royal Boots	5	QUESTITEM_TOKEN_ROYAL_T5	Expert's Royal Sigil	4	false
Royal Boots	6	QUESTITEM_TOKEN_ROYAL_T6	Master's Royal Sigil	8	false
Royal Boots	7	QUESTITEM_TOKEN_ROYAL_T7	Grandmaster's Royal Sigil	8	false
Royal Boots	8	QUESTITEM_TOKEN_ROYAL_T8	Elder's Royal Sigil	8	false
Royal Cowl	4	QUESTITEM_TOKEN_ROYAL_T4	Adept's Royal Sigil	2	false
Royal Cowl	5	QUESTITEM_TOKEN_ROYAL_T5	Expert's Royal Sigil	4	false
Royal Cowl	6	QUESTITEM_TOKEN_ROYAL_T6	Master's Royal Sigil	8	false
Royal Cowl	7	QUESTITEM_TOKEN_ROYAL_T7	Grandmaster's Royal Sigil	8	false
Royal Cowl	8	QUESTITEM_TOKEN_ROYAL_T8	Elder's Royal Sigil	8	false
Royal Helmet	4	QUESTITEM_TOKEN_ROYAL_T4	Adept's Royal Sigil	2	false
Royal Helmet	5	QUESTITEM_TOKEN_ROYAL_T5	Expert's Royal Sigil	4	false
Royal Helmet	6	QUESTITEM_TOKEN_ROYAL_T6	Master's Royal Sigil	8	false
Royal Helmet	7	QUESTITEM_TOKEN_ROYAL_T7	Grandmaster's Royal Sigil	8	false
Royal Helmet	8	QUESTITEM_TOKEN_ROYAL_T8	Elder's Royal Sigil	8	false
Royal Hood	4	QUESTITEM_TOKEN_ROYAL_T4	Adept's Royal Sigil	2	false
Royal Hood	5	QUESTITEM_TOKEN_ROYAL_T5	Expert's Royal Sigil	4	false
Royal Hood	6	QUESTITEM_TOKEN_ROYAL_T6	Master's Royal Sigil	8	false
Royal Hood	7	QUESTITEM_TOKEN_ROYAL_T7	Grandmaster's Royal Sigil	8	false
Royal Hood	8	QUESTITEM_TOKEN_ROYAL_T8	Elder's Royal Sigil	8	false
Royal Jacket	4	QUESTITEM_TOKEN_ROYAL_T4	Adept's Royal Sigil	4	false
Royal Jacket	5	QUESTITEM_TOKEN_ROYAL_T5	Expert's Royal Sigil	8	false
Royal Jacket	6	QUESTITEM_TOKEN_ROYAL_T6	Master's Royal Sigil	16	false
Royal Jacket	7	QUESTITEM_TOKEN_ROYAL_T7	Grandmaster's Royal Sigil	16	false
Royal Jacket	8	QUESTITEM_TOKEN_ROYAL_T8	Elder's Royal Sigil	16	false
Royal Robe	4	QUESTITEM_TOKEN_ROYAL_T4	Adept's Royal Sigil	4	false
Royal Robe	5	QUESTITEM_TOKEN_ROYAL_T5	Expert's Royal Sigil	8	false
Royal Robe	6	QUESTITEM_TOKEN_ROYAL_T6	Master's Royal Sigil	16	false
Royal Robe	7	QUESTITEM_TOKEN_ROYAL_T7	Grandmaster's Royal Sigil	16	false
Royal Robe	8	QUESTITEM_TOKEN_ROYAL_T8	Elder's Royal Sigil	16	false
Royal Sandals	4	QUESTITEM_TOKEN_ROYAL_T4	Adept's Royal Sigil	2	false
Royal Sandals	5	QUESTITEM_TOKEN_ROYAL_T5	Expert's Royal Sigil	4	false
Royal Sandals	6	QUESTITEM_TOKEN_ROYAL_T6	Master's Royal Sigil	8	false
Royal Sandals	7	QUESTITEM_TOKEN_ROYAL_T7	Grandmaster's Royal Sigil	8	false
Royal Sandals	8	QUESTITEM_TOKEN_ROYAL_T8	Elder's Royal Sigil	8	false
Royal Shoes	4	QUESTITEM_TOKEN_ROYAL_T4	Adept's Royal Sigil	2	false
Royal Shoes	5	QUESTITEM_TOKEN_ROYAL_T5	Expert's Royal Sigil	4	false
Royal Shoes	6	QUESTITEM_TOKEN_ROYAL_T6	Master's Royal Sigil	8	false
Royal Shoes	7	QUESTITEM_TOKEN_ROYAL_T7	Grandmaster's Royal Sigil	8	false
Royal Shoes	8	QUESTITEM_TOKEN_ROYAL_T8	Elder's Royal Sigil	8	false
Sacred Scepter	4	T4_ARTEFACT_OFF_TALISMAN_AVALON	Adept's Shattered Avalonian Memento	1	false
Sacred Scepter	5	T5_ARTEFACT_OFF_TALISMAN_AVALON	Expert's Shattered Avalonian Memento	1	false
Sacred Scepter	6	T6_ARTEFACT_OFF_TALISMAN_AVALON	Master's Shattered Avalonian Memento	1	false
Sacred Scepter	7	T7_ARTEFACT_OFF_TALISMAN_AVALON	Grandmaster's Shattered Avalonian Memento	1	false
Sacred Scepter	8	T8_ARTEFACT_OFF_TALISMAN_AVALON	Elder's Shattered Avalonian Memento	1	false
Sandals of Purity	4	T4_ARTEFACT_SHOES_CLOTH_AVALON	Adept's Sanctified Bindings	1	false
Sandals of Purity	5	T5_ARTEFACT_SHOES_CLOTH_AVALON	Expert's Sanctified Bindings	1	false
Sandals of Purity	6	T6_ARTEFACT_SHOES_CLOTH_AVALON	Master's Sanctified Bindings	1	false
Sandals of Purity	7	T7_ARTEFACT_SHOES_CLOTH_AVALON	Grandmaster's Sanctified Bindings	1	false
Sandals of Purity	8	T8_ARTEFACT_SHOES_CLOTH_AVALON	Elder's Sanctified Bindings	1	false
Sarcophagus	4	T4_ARTEFACT_OFF_TOWERSHIELD_UNDEAD	Adept's Ancient Shield Core	1	false
Sarcophagus	5	T5_ARTEFACT_OFF_TOWERSHIELD_UNDEAD	Expert's Ancient Shield Core	1	false
Sarcophagus	6	T6_ARTEFACT_OFF_TOWERSHIELD_UNDEAD	Master's Ancient Shield Core	1	false
Sarcophagus	7	T7_ARTEFACT_OFF_TOWERSHIELD_UNDEAD	Grandmaster's Ancient Shield Core	1	false
Sarcophagus	8	T8_ARTEFACT_OFF_TOWERSHIELD_UNDEAD	Elder's Ancient Shield Core	1	false
Shadowcaller	4	T4_ARTEFACT_MAIN_CURSEDSTAFF_AVALON	Adept's Fractured Opaque Orb	1	false
Shadowcaller	5	T5_ARTEFACT_MAIN_CURSEDSTAFF_AVALON	Expert's Fractured Opaque Orb	1	false
Shadowcaller	6	T6_ARTEFACT_MAIN_CURSEDSTAFF_AVALON	Master's Fractured Opaque Orb	1	false
Shadowcaller	7	T7_ARTEFACT_MAIN_CURSEDSTAFF_AVALON	Grandmaster's Fractured Opaque Orb	1	false
Shadowcaller	8	T8_ARTEFACT_MAIN_CURSEDSTAFF_AVALON	Elder's Fractured Opaque Orb	1	false
Shoes of Tenacity	4	T4_ARTEFACT_SHOES_LEATHER_AVALON	Adept's Augured Fasteners	1	false
Shoes of Tenacity	5	T5_ARTEFACT_SHOES_LEATHER_AVALON	Expert's Augured Fasteners	1	false
Shoes of Tenacity	6	T6_ARTEFACT_SHOES_LEATHER_AVALON	Master's Augured Fasteners	1	false
Shoes of Tenacity	7	T7_ARTEFACT_SHOES_LEATHER_AVALON	Grandmaster's Augured Fasteners	1	false
Shoes of Tenacity	8	T8_ARTEFACT_SHOES_LEATHER_AVALON	Elder's Augured Fasteners	1	false
Siegebow	4	T4_ARTEFACT_2H_CROSSBOWLARGE_MORGANA	Adept's Alluring Bolts	1	false
Siegebow	5	T5_ARTEFACT_2H_CROSSBOWLARGE_MORGANA	Expert's Alluring Bolts	1	false
Siegebow	6	T6_ARTEFACT_2H_CROSSBOWLARGE_MORGANA	Master's Alluring Bolts	1	false
Siegebow	7	T7_ARTEFACT_2H_CROSSBOWLARGE_MORGANA	Grandmaster's Alluring Bolts	1	false
Siegebow	8	T8_ARTEFACT_2H_CROSSBOWLARGE_MORGANA	Elder's Alluring Bolts	1	false
Skystrider Bow	4	T4_ARTEFACT_2H_BOW_CRYSTAL	Adept's Windborne Crystal	1	false
Skystrider Bow	5	T5_ARTEFACT_2H_BOW_CRYSTAL	Expert's Windborne Crystal	1	false
Skystrider Bow	6	T6_ARTEFACT_2H_BOW_CRYSTAL	Master's Windborne Crystal	1	false
Skystrider Bow	7	T7_ARTEFACT_2H_BOW_CRYSTAL	Grandmaster's Windborne Crystal	1	false
Skystrider Bow	8	T8_ARTEFACT_2H_BOW_CRYSTAL	Elder's Windborne Crystal	1	false
Soulscythe	4	T4_ARTEFACT_2H_TWINSCYTHE_HELL	Adept's Hellish Sicklehead Pair	1	false
Soulscythe	5	T5_ARTEFACT_2H_TWINSCYTHE_HELL	Expert's Hellish Sicklehead Pair	1	false
Soulscythe	6	T6_ARTEFACT_2H_TWINSCYTHE_HELL	Master's Hellish Sicklehead Pair	1	false
Soulscythe	7	T7_ARTEFACT_2H_TWINSCYTHE_HELL	Grandmaster's Hellish Sicklehead Pair	1	false
Soulscythe	8	T8_ARTEFACT_2H_TWINSCYTHE_HELL	Elder's Hellish Sicklehead Pair	1	false
Specter Hood	4	T4_ARTEFACT_HEAD_LEATHER_UNDEAD	Adept's Ghastly Visor	1	false
Specter Hood	5	T5_ARTEFACT_HEAD_LEATHER_UNDEAD	Expert's Ghastly Visor	1	false
Specter Hood	6	T6_ARTEFACT_HEAD_LEATHER_UNDEAD	Master's Ghastly Visor	1	false
Specter Hood	7	T7_ARTEFACT_HEAD_LEATHER_UNDEAD	Grandmaster's Ghastly Visor	1	false
Specter Hood	8	T8_ARTEFACT_HEAD_LEATHER_UNDEAD	Elder's Ghastly Visor	1	false
Specter Jacket	4	T4_ARTEFACT_ARMOR_LEATHER_UNDEAD	Adept's Ghastly Leather	1	false
Specter Jacket	5	T5_ARTEFACT_ARMOR_LEATHER_UNDEAD	Expert's Ghastly Leather	1	false
Specter Jacket	6	T6_ARTEFACT_ARMOR_LEATHER_UNDEAD	Master's Ghastly Leather	1	false
Specter Jacket	7	T7_ARTEFACT_ARMOR_LEATHER_UNDEAD	Grandmaster's Ghastly Leather	1	false
Specter Jacket	8	T8_ARTEFACT_ARMOR_LEATHER_UNDEAD	Elder's Ghastly Leather	1	false
Specter Shoes	4	T4_ARTEFACT_SHOES_LEATHER_UNDEAD	Adept's Ghastly Bindings	1	false
Specter Shoes	5	T5_ARTEFACT_SHOES_LEATHER_UNDEAD	Expert's Ghastly Bindings	1	false
Specter Shoes	6	T6_ARTEFACT_SHOES_LEATHER_UNDEAD	Master's Ghastly Bindings	1	false
Specter Shoes	7	T7_ARTEFACT_SHOES_LEATHER_UNDEAD	Grandmaster's Ghastly Bindings	1	false
Specter Shoes	8	T8_ARTEFACT_SHOES_LEATHER_UNDEAD	Elder's Ghastly Bindings	1	false
Spirithunter	4	T4_ARTEFACT_2H_HARPOON_HELL	Adept's Infernal Harpoon Tip	1	false
Spirithunter	5	T5_ARTEFACT_2H_HARPOON_HELL	Expert's Infernal Harpoon Tip	1	false
Spirithunter	6	T6_ARTEFACT_2H_HARPOON_HELL	Master's Infernal Harpoon Tip	1	false
Spirithunter	7	T7_ARTEFACT_2H_HARPOON_HELL	Grandmaster's Infernal Harpoon Tip	1	false
Spirithunter	8	T8_ARTEFACT_2H_HARPOON_HELL	Elder's Infernal Harpoon Tip	1	false
Staff of Balance	4	T4_ARTEFACT_2H_ROCKSTAFF_KEEPER	Adept's Preserved Rocks	1	false
Staff of Balance	5	T5_ARTEFACT_2H_ROCKSTAFF_KEEPER	Expert's Preserved Rocks	1	false
Staff of Balance	6	T6_ARTEFACT_2H_ROCKSTAFF_KEEPER	Master's Preserved Rocks	1	false
Staff of Balance	7	T7_ARTEFACT_2H_ROCKSTAFF_KEEPER	Grandmaster's Preserved Rocks	1	false
Staff of Balance	8	T8_ARTEFACT_2H_ROCKSTAFF_KEEPER	Elder's Preserved Rocks	1	false
Stalker Hood	4	T4_ARTEFACT_HEAD_LEATHER_MORGANA	Adept's Imbued Visor	1	false
Stalker Hood	5	T5_ARTEFACT_HEAD_LEATHER_MORGANA	Expert's Imbued Visor	1	false
Stalker Hood	6	T6_ARTEFACT_HEAD_LEATHER_MORGANA	Master's Imbued Visor	1	false
Stalker Hood	7	T7_ARTEFACT_HEAD_LEATHER_MORGANA	Grandmaster's Imbued Visor	1	false
Stalker Hood	8	T8_ARTEFACT_HEAD_LEATHER_MORGANA	Elder's Imbued Visor	1	false
Stalker Jacket	4	T4_ARTEFACT_ARMOR_LEATHER_MORGANA	Adept's Imbued Leather Folds	1	false
Stalker Jacket	5	T5_ARTEFACT_ARMOR_LEATHER_MORGANA	Expert's Imbued Leather Folds	1	false
Stalker Jacket	6	T6_ARTEFACT_ARMOR_LEATHER_MORGANA	Master's Imbued Leather Folds	1	false
Stalker Jacket	7	T7_ARTEFACT_ARMOR_LEATHER_MORGANA	Grandmaster's Imbued Leather Folds	1	false
Stalker Jacket	8	T8_ARTEFACT_ARMOR_LEATHER_MORGANA	Elder's Imbued Leather Folds	1	false
Stalker Shoes	4	T4_ARTEFACT_SHOES_LEATHER_MORGANA	Adept's Imbued Soles	1	false
Stalker Shoes	5	T5_ARTEFACT_SHOES_LEATHER_MORGANA	Expert's Imbued Soles	1	false
Stalker Shoes	6	T6_ARTEFACT_SHOES_LEATHER_MORGANA	Master's Imbued Soles	1	false
Stalker Shoes	7	T7_ARTEFACT_SHOES_LEATHER_MORGANA	Grandmaster's Imbued Soles	1	false
Stalker Shoes	8	T8_ARTEFACT_SHOES_LEATHER_MORGANA	Elder's Imbued Soles	1	false
Stillgaze Staff	4	T4_ARTEFACT_2H_SHAPESHIFTER_CRYSTAL	Adept's Serpent Crystal	1	false
Stillgaze Staff	5	T5_ARTEFACT_2H_SHAPESHIFTER_CRYSTAL	Expert's Serpent Crystal	1	false
Stillgaze Staff	6	T6_ARTEFACT_2H_SHAPESHIFTER_CRYSTAL	Master's Serpent Crystal	1	false
Stillgaze Staff	7	T7_ARTEFACT_2H_SHAPESHIFTER_CRYSTAL	Grandmaster's Serpent Crystal	1	false
Stillgaze Staff	8	T8_ARTEFACT_2H_SHAPESHIFTER_CRYSTAL	Elder's Serpent Crystal	1	false
Taproot	4	T4_ARTEFACT_OFF_TOTEM_KEEPER	Adept's Inscribed Stone	1	false
Taproot	5	T5_ARTEFACT_OFF_TOTEM_KEEPER	Expert's Inscribed Stone	1	false
Taproot	6	T6_ARTEFACT_OFF_TOTEM_KEEPER	Master's Inscribed Stone	1	false
Taproot	7	T7_ARTEFACT_OFF_TOTEM_KEEPER	Grandmaster's Inscribed Stone	1	false
Taproot	8	T8_ARTEFACT_OFF_TOTEM_KEEPER	Elder's Inscribed Stone	1	false
Timelocked Grimoire	4	T4_ARTEFACT_OFF_TOME_CRYSTAL	Adept's Timelocked Crystal	1	false
Timelocked Grimoire	5	T5_ARTEFACT_OFF_TOME_CRYSTAL	Expert's Timelocked Crystal	1	false
Timelocked Grimoire	6	T6_ARTEFACT_OFF_TOME_CRYSTAL	Master's Timelocked Crystal	1	false
Timelocked Grimoire	7	T7_ARTEFACT_OFF_TOME_CRYSTAL	Grandmaster's Timelocked Crystal	1	false
Timelocked Grimoire	8	T8_ARTEFACT_OFF_TOME_CRYSTAL	Elder's Timelocked Crystal	1	false
Tombhammer	4	T4_ARTEFACT_2H_HAMMER_UNDEAD	Adept's Ancient Hammer Head	1	false
Tombhammer	5	T5_ARTEFACT_2H_HAMMER_UNDEAD	Expert's Ancient Hammer Head	1	false
Tombhammer	6	T6_ARTEFACT_2H_HAMMER_UNDEAD	Master's Ancient Hammer Head	1	false
Tombhammer	7	T7_ARTEFACT_2H_HAMMER_UNDEAD	Grandmaster's Ancient Hammer Head	1	false
Tombhammer	8	T8_ARTEFACT_2H_HAMMER_UNDEAD	Elder's Ancient Hammer Head	1	false
Trinity Spear	4	T4_ARTEFACT_2H_TRIDENT_UNDEAD	Adept's Cursed Barbs	1	false
Trinity Spear	5	T5_ARTEFACT_2H_TRIDENT_UNDEAD	Expert's Cursed Barbs	1	false
Trinity Spear	6	T6_ARTEFACT_2H_TRIDENT_UNDEAD	Master's Cursed Barbs	1	false
Trinity Spear	7	T7_ARTEFACT_2H_TRIDENT_UNDEAD	Grandmaster's Cursed Barbs	1	false
Trinity Spear	8	T8_ARTEFACT_2H_TRIDENT_UNDEAD	Elder's Cursed Barbs	1	false
Truebolt Hammer	4	T4_ARTEFACT_2H_HAMMER_CRYSTAL	Adept's Crackling Crystal	1	false
Truebolt Hammer	5	T5_ARTEFACT_2H_HAMMER_CRYSTAL	Expert's Crackling Crystal	1	false
Truebolt Hammer	6	T6_ARTEFACT_2H_HAMMER_CRYSTAL	Master's Crackling Crystal	1	false
Truebolt Hammer	7	T7_ARTEFACT_2H_HAMMER_CRYSTAL	Grandmaster's Crackling Crystal	1	false
Truebolt Hammer	8	T8_ARTEFACT_2H_HAMMER_CRYSTAL	Elder's Crackling Crystal	1	false
Twin Slayers	4	T4_ARTEFACT_2H_DAGGERPAIR_CRYSTAL	Adept's Death-Touched Crystal	1	false
Twin Slayers	5	T5_ARTEFACT_2H_DAGGERPAIR_CRYSTAL	Expert's Death-Touched Crystal	1	false
Twin Slayers	6	T6_ARTEFACT_2H_DAGGERPAIR_CRYSTAL	Master's Death-Touched Crystal	1	false
Twin Slayers	7	T7_ARTEFACT_2H_DAGGERPAIR_CRYSTAL	Grandmaster's Death-Touched Crystal	1	false
Twin Slayers	8	T8_ARTEFACT_2H_DAGGERPAIR_CRYSTAL	Elder's Death-Touched Crystal	1	false
Unbreakable Ward	4	T4_ARTEFACT_OFF_SHIELD_CRYSTAL	Adept's Unbreakable Crystal	1	false
Unbreakable Ward	5	T5_ARTEFACT_OFF_SHIELD_CRYSTAL	Expert's Unbreakable Crystal	1	false
Unbreakable Ward	6	T6_ARTEFACT_OFF_SHIELD_CRYSTAL	Master's Unbreakable Crystal	1	false
Unbreakable Ward	7	T7_ARTEFACT_OFF_SHIELD_CRYSTAL	Grandmaster's Unbreakable Crystal	1	false
Unbreakable Ward	8	T8_ARTEFACT_OFF_SHIELD_CRYSTAL	Elder's Unbreakable Crystal	1	false
Ursine Maulers	4	T4_ARTEFACT_2H_KNUCKLES_KEEPER	Adept's Ursine Guardian Remains	1	false
Ursine Maulers	5	T5_ARTEFACT_2H_KNUCKLES_KEEPER	Expert's Ursine Guardian Remains	1	false
Ursine Maulers	6	T6_ARTEFACT_2H_KNUCKLES_KEEPER	Master's Ursine Guardian Remains	1	false
Ursine Maulers	7	T7_ARTEFACT_2H_KNUCKLES_KEEPER	Grandmaster's Ursine Guardian Remains	1	false
Ursine Maulers	8	T8_ARTEFACT_2H_KNUCKLES_KEEPER	Elder's Ursine Guardian Remains	1	false
Wailing Bow	4	T4_ARTEFACT_2H_BOW_HELL	Adept's Demonic Arrowheads	1	false
Wailing Bow	5	T5_ARTEFACT_2H_BOW_HELL	Expert's Demonic Arrowheads	1	false
Wailing Bow	6	T6_ARTEFACT_2H_BOW_HELL	Master's Demonic Arrowheads	1	false
Wailing Bow	7	T7_ARTEFACT_2H_BOW_HELL	Grandmaster's Demonic Arrowheads	1	false
Wailing Bow	8	T8_ARTEFACT_2H_BOW_HELL	Elder's Demonic Arrowheads	1	false
Weeping Repeater	4	T4_ARTEFACT_2H_REPEATINGCROSSBOW_UNDEAD	Adept's Lost Crossbow Mechanism	1	false
Weeping Repeater	5	T5_ARTEFACT_2H_REPEATINGCROSSBOW_UNDEAD	Expert's Lost Crossbow Mechanism	1	false
Weeping Repeater	6	T6_ARTEFACT_2H_REPEATINGCROSSBOW_UNDEAD	Master's Lost Crossbow Mechanism	1	false
Weeping Repeater	7	T7_ARTEFACT_2H_REPEATINGCROSSBOW_UNDEAD	Grandmaster's Lost Crossbow Mechanism	1	false
Weeping Repeater	8	T8_ARTEFACT_2H_REPEATINGCROSSBOW_UNDEAD	Elder's Lost Crossbow Mechanism	1	false
Whispering Bow	4	T4_ARTEFACT_2H_LONGBOW_UNDEAD	Adept's Ghastly Arrows	1	false
Whispering Bow	5	T5_ARTEFACT_2H_LONGBOW_UNDEAD	Expert's Ghastly Arrows	1	false
Whispering Bow	6	T6_ARTEFACT_2H_LONGBOW_UNDEAD	Master's Ghastly Arrows	1	false
Whispering Bow	7	T7_ARTEFACT_2H_LONGBOW_UNDEAD	Grandmaster's Ghastly Arrows	1	false
Whispering Bow	8	T8_ARTEFACT_2H_LONGBOW_UNDEAD	Elder's Ghastly Arrows	1	false
Wildfire Staff	4	T4_ARTEFACT_MAIN_FIRESTAFF_KEEPER	Adept's Wildfire Orb	1	false
Wildfire Staff	5	T5_ARTEFACT_MAIN_FIRESTAFF_KEEPER	Expert's Wildfire Orb	1	false
Wildfire Staff	6	T6_ARTEFACT_MAIN_FIRESTAFF_KEEPER	Master's Wildfire Orb	1	false
Wildfire Staff	7	T7_ARTEFACT_MAIN_FIRESTAFF_KEEPER	Grandmaster's Wildfire Orb	1	false
Wildfire Staff	8	T8_ARTEFACT_MAIN_FIRESTAFF_KEEPER	Elder's Wildfire Orb	1	false
Witchwork Staff	4	T4_ARTEFACT_MAIN_ARCANESTAFF_UNDEAD	Adept's Lost Arcane Crystal	1	false
Witchwork Staff	5	T5_ARTEFACT_MAIN_ARCANESTAFF_UNDEAD	Expert's Lost Arcane Crystal	1	false
Witchwork Staff	6	T6_ARTEFACT_MAIN_ARCANESTAFF_UNDEAD	Master's Lost Arcane Crystal	1	false
Witchwork Staff	7	T7_ARTEFACT_MAIN_ARCANESTAFF_UNDEAD	Grandmaster's Lost Arcane Crystal	1	false
Witchwork Staff	8	T8_ARTEFACT_MAIN_ARCANESTAFF_UNDEAD	Elder's Lost Arcane Crystal	1	false
