# normalized display name	exact unenchanted UniqueName
# entries=1653
acid potion	T5_POTION_ACID
adept's arcane staff	T4_MAIN_ARCANESTAFF
adept's arclight blasters	T4_2H_DUALCROSSBOW_CRYSTAL
adept's arctic staff	T4_2H_FROSTSTAFF_CRYSTAL
adept's armor of valor	T4_ARMOR_PLATE_AVALON
adept's assassin hood	T4_HEAD_LEATHER_SET3
adept's assassin jacket	T4_ARMOR_LEATHER_SET3
adept's assassin shoes	T4_SHOES_LEATHER_SET3
adept's astral aegis	T4_OFF_SHIELD_AVALON
adept's astral staff	T4_2H_ARCANESTAFF_CRYSTAL
adept's avalonian axe	T4_2H_TOOL_AXE_AVALON
adept's avalonian cape	T4_CAPEITEM_AVALON
adept's avalonian crest	T4_CAPEITEM_AVALON_BP
adept's avalonian fishing rod	T4_2H_TOOL_FISHINGROD_AVALON
adept's avalonian pickaxe	T4_2H_TOOL_PICK_AVALON
adept's avalonian sickle	T4_2H_TOOL_SICKLE_AVALON
adept's avalonian siege hammer	T4_2H_TOOL_SIEGEHAMMER_AVALON
adept's avalonian skinning knife	T4_2H_TOOL_KNIFE_AVALON
adept's avalonian stone hammer	T4_2H_TOOL_HAMMER_AVALON
adept's axe	T4_2H_TOOL_AXE
adept's bag	T4_BAG
adept's battle bracers	T4_2H_KNUCKLES_SET2
adept's battleaxe	T4_MAIN_AXE
adept's bear paws	T4_2H_DUALAXE_KEEPER
adept's bedrock mace	T4_MAIN_ROCKMACE_KEEPER
adept's black hands	T4_2H_IRONGAUNTLETS_HELL
adept's black monk staff	T4_2H_COMBATSTAFF_MORGANA
adept's blazing staff	T4_2H_INFERNOSTAFF_MORGANA
adept's blight staff	T4_2H_NATURESTAFF_HELL
adept's bloodletter	T4_MAIN_RAPIER_MORGANA
adept's bloodmoon staff	T4_2H_SHAPESHIFTER_MORGANA
adept's blueflame torch	T4_OFF_TORCH_CRYSTAL
adept's boltcasters	T4_2H_DUALCROSSBOW_HELL
adept's boots of valor	T4_SHOES_PLATE_AVALON
adept's bow	T4_2H_BOW
adept's bow of badon	T4_2H_BOW_KEEPER
adept's brawler gloves	T4_2H_KNUCKLES_SET1
adept's brecilien cape	T4_CAPEITEM_FW_BRECILIEN
adept's brecilien crest	T4_CAPEITEM_FW_BRECILIEN_BP
adept's bridgewatch cape	T4_CAPEITEM_FW_BRIDGEWATCH
adept's bridgewatch crest	T4_CAPEITEM_FW_BRIDGEWATCH_BP
adept's bridled fury	T4_2H_DAGGER_KATAR_AVALON
adept's brimstone staff	T4_2H_FIRESTAFF_HELL
adept's broadsword	T4_MAIN_SWORD
adept's caerleon cape	T4_CAPEITEM_FW_CAERLEON
adept's caerleon crest	T4_CAPEITEM_FW_CAERLEON_BP
adept's caitiff shield	T4_OFF_SHIELD_HELL
adept's camlann mace	T4_2H_MACE_MORGANA
adept's cape	T4_CAPE
adept's carrioncaller	T4_2H_HALBERD_MORGANA
adept's carving sword	T4_2H_CLEAVER_HELL
adept's celestial censer	T4_OFF_CENSER_AVALON
adept's chillhowl	T4_MAIN_FROSTSTAFF_AVALON
adept's clarent blade	T4_MAIN_SCIMITAR_MORGANA
adept's claws	T4_2H_CLAWPAIR
adept's claymore	T4_2H_CLAYMORE
adept's cleric cowl	T4_HEAD_CLOTH_SET2
adept's cleric robe	T4_ARMOR_CLOTH_SET2
adept's cleric sandals	T4_SHOES_CLOTH_SET2
adept's cowl of purity	T4_HEAD_CLOTH_AVALON
adept's crossbow	T4_2H_CROSSBOW
adept's cryptcandle	T4_OFF_LAMP_UNDEAD
adept's crystal reaper	T4_2H_SCYTHE_CRYSTAL
adept's cultist cowl	T4_HEAD_CLOTH_MORGANA
adept's cultist robe	T4_ARMOR_CLOTH_MORGANA
adept's cultist sandals	T4_SHOES_CLOTH_MORGANA
adept's cursed skull	T4_2H_SKULLORB_HELL
adept's cursed staff	T4_MAIN_CURSEDSTAFF
adept's dagger	T4_MAIN_DAGGER
adept's dagger pair	T4_2H_DAGGERPAIR
adept's damnation staff	T4_2H_CURSEDSTAFF_MORGANA
adept's dawnsong	T4_2H_FIRE_RINGPAIR_AVALON
adept's daybreaker	T4_MAIN_SPEAR_LANCE_AVALON
adept's deathgivers	T4_2H_DUALSICKLE_UNDEAD
adept's demon armor	T4_ARMOR_PLATE_HELL
adept's demon boots	T4_SHOES_PLATE_HELL
adept's demon cape	T4_CAPEITEM_DEMON
adept's demon crest	T4_CAPEITEM_DEMON_BP
adept's demon helmet	T4_HEAD_PLATE_HELL
adept's demonfang	T4_MAIN_DAGGER_HELL
adept's demonic staff	T4_2H_DEMONICSTAFF
adept's divine staff	T4_2H_DIVINESTAFF
adept's double bladed staff	T4_2H_DOUBLEBLADEDSTAFF
adept's dreadstorm monarch	T4_MAIN_MACE_CRYSTAL
adept's druid cowl	T4_HEAD_CLOTH_KEEPER
adept's druid robe	T4_ARMOR_CLOTH_KEEPER
adept's druid sandals	T4_SHOES_CLOTH_KEEPER
adept's druidic staff	T4_MAIN_NATURESTAFF_KEEPER
adept's dual swords	T4_2H_DUALSWORD
adept's duskweaver armor	T4_ARMOR_PLATE_FEY
adept's duskweaver boots	T4_SHOES_PLATE_FEY
adept's duskweaver helmet	T4_HEAD_PLATE_FEY
adept's earthrune staff	T4_2H_SHAPESHIFTER_KEEPER
adept's energy shaper	T4_2H_CROSSBOW_CANNON_AVALON
adept's enigmatic staff	T4_2H_ENIGMATICSTAFF
adept's evensong	T4_2H_ARCANE_RINGPAIR_AVALON
adept's exalted staff	T4_2H_HOLYSTAFF_CRYSTAL
adept's eye of secrets	T4_OFF_ORB_MORGANA
adept's facebreaker	T4_OFF_SPIKEDSHIELD_MORGANA
adept's fallen staff	T4_2H_HOLYSTAFF_HELL
adept's feyscale hat	T4_HEAD_CLOTH_FEY
adept's feyscale robe	T4_ARMOR_CLOTH_FEY
adept's feyscale sandals	T4_SHOES_CLOTH_FEY
adept's fiend cowl	T4_HEAD_CLOTH_HELL
adept's fiend robe	T4_ARMOR_CLOTH_HELL
adept's fiend sandals	T4_SHOES_CLOTH_HELL
adept's fire staff	T4_MAIN_FIRESTAFF
adept's fisherman cap	T4_HEAD_GATHERER_FISH
adept's fisherman garb	T4_ARMOR_GATHERER_FISH
adept's fisherman workboots	T4_SHOES_GATHERER_FISH
adept's fishing rod	T4_2H_TOOL_FISHINGROD
adept's fists of avalon	T4_2H_KNUCKLES_AVALON
adept's flamewalker staff	T4_MAIN_FIRESTAFF_CRYSTAL
adept's forcepulse bracers	T4_2H_KNUCKLES_CRYSTAL
adept's forge hammers	T4_2H_DUALHAMMER_HELL
adept's forgebark staff	T4_MAIN_NATURESTAFF_CRYSTAL
adept's fort sterling cape	T4_CAPEITEM_FW_FORTSTERLING
adept's fort sterling crest	T4_CAPEITEM_FW_FORTSTERLING_BP
adept's frost staff	T4_MAIN_FROSTSTAFF
adept's galatine pair	T4_2H_DUALSCIMITAR_UNDEAD
adept's glacial staff	T4_2H_GLACIALSTAFF
adept's glaive	T4_2H_GLAIVE
adept's grailseeker	T4_2H_QUARTERSTAFF_AVALON
adept's graveguard armor	T4_ARMOR_PLATE_UNDEAD
adept's graveguard boots	T4_SHOES_PLATE_UNDEAD
adept's graveguard helmet	T4_HEAD_PLATE_UNDEAD
adept's great arcane staff	T4_2H_ARCANESTAFF
adept's great cursed staff	T4_2H_CURSEDSTAFF
adept's great fire staff	T4_2H_FIRESTAFF
adept's great frost staff	T4_2H_FROSTSTAFF
adept's great hammer	T4_2H_HAMMER
adept's great holy staff	T4_2H_HOLYSTAFF
adept's great nature staff	T4_2H_NATURESTAFF
adept's greataxe	T4_2H_AXE
adept's grovekeeper	T4_2H_RAM_KEEPER
adept's guardian armor	T4_ARMOR_PLATE_SET3
adept's guardian boots	T4_SHOES_PLATE_SET3
adept's guardian helmet	T4_HEAD_PLATE_SET3
adept's halberd	T4_2H_HALBERD
adept's hallowfall	T4_MAIN_HOLYSTAFF_AVALON
adept's hammer	T4_MAIN_HAMMER
adept's hand of justice	T4_2H_HAMMER_AVALON
adept's harvester cap	T4_HEAD_GATHERER_FIBER
adept's harvester garb	T4_ARMOR_GATHERER_FIBER
adept's harvester workboots	T4_SHOES_GATHERER_FIBER
adept's heavy crossbow	T4_2H_CROSSBOWLARGE
adept's heavy mace	T4_2H_MACE
adept's hellfire hands	T4_2H_KNUCKLES_HELL
adept's hellion hood	T4_HEAD_LEATHER_HELL
adept's hellion jacket	T4_ARMOR_LEATHER_HELL
adept's hellion shoes	T4_SHOES_LEATHER_HELL
adept's hellspawn staff	T4_2H_SHAPESHIFTER_HELL
adept's helmet of valor	T4_HEAD_PLATE_AVALON
adept's heretic cape	T4_CAPEITEM_HERETIC
adept's heretic crest	T4_CAPEITEM_HERETIC_BP
adept's heron spear	T4_MAIN_SPEAR_KEEPER
adept's hoarfrost staff	T4_MAIN_FROSTSTAFF_KEEPER
adept's holy staff	T4_MAIN_HOLYSTAFF
adept's hood of tenacity	T4_HEAD_LEATHER_AVALON
adept's hunter hood	T4_HEAD_LEATHER_SET2
adept's hunter jacket	T4_ARMOR_LEATHER_SET2
adept's hunter shoes	T4_SHOES_LEATHER_SET2
adept's icicle staff	T4_2H_ICEGAUNTLETS_HELL
adept's incubus mace	T4_MAIN_MACE_HELL
adept's infernal scythe	T4_2H_SCYTHE_HELL
adept's infernal staff	T4_2H_INFERNOSTAFF
adept's infinity blade	T4_MAIN_SWORD_CRYSTAL
adept's iron-clad staff	T4_2H_IRONCLADEDSTAFF
adept's ironroot staff	T4_MAIN_NATURESTAFF_AVALON
adept's jacket of tenacity	T4_ARMOR_LEATHER_AVALON
adept's judicator armor	T4_ARMOR_PLATE_KEEPER
adept's judicator boots	T4_SHOES_PLATE_KEEPER
adept's judicator helmet	T4_HEAD_PLATE_KEEPER
adept's keeper cape	T4_CAPEITEM_KEEPER
adept's keeper crest	T4_CAPEITEM_KEEPER_BP
adept's kingmaker	T4_2H_CLAYMORE_AVALON
adept's knight armor	T4_ARMOR_PLATE_SET2
adept's knight boots	T4_SHOES_PLATE_SET2
adept's knight helmet	T4_HEAD_PLATE_SET2
adept's leering cane	T4_OFF_JESTERCANE_HELL
adept's lifecurse staff	T4_MAIN_CURSEDSTAFF_UNDEAD
adept's lifetouch staff	T4_MAIN_HOLYSTAFF_MORGANA
adept's light crossbow	T4_MAIN_1HCROSSBOW
adept's lightcaller	T4_2H_SHAPESHIFTER_AVALON
adept's longbow	T4_2H_LONGBOW
adept's lumberjack cap	T4_HEAD_GATHERER_WOOD
adept's lumberjack garb	T4_ARMOR_GATHERER_WOOD
adept's lumberjack workboots	T4_SHOES_GATHERER_WOOD
adept's lymhurst cape	T4_CAPEITEM_FW_LYMHURST
adept's lymhurst crest	T4_CAPEITEM_FW_LYMHURST_BP
adept's mace	T4_MAIN_MACE
adept's mage cowl	T4_HEAD_CLOTH_SET3
adept's mage robe	T4_ARMOR_CLOTH_SET3
adept's mage sandals	T4_SHOES_CLOTH_SET3
adept's malevolent locus	T4_2H_ENIGMATICORB_MORGANA
adept's martlock cape	T4_CAPEITEM_FW_MARTLOCK
adept's martlock crest	T4_CAPEITEM_FW_MARTLOCK_BP
adept's mercenary hood	T4_HEAD_LEATHER_SET1
adept's mercenary jacket	T4_ARMOR_LEATHER_SET1
adept's mercenary shoes	T4_SHOES_LEATHER_SET1
adept's miner cap	T4_HEAD_GATHERER_ORE
adept's miner garb	T4_ARMOR_GATHERER_ORE
adept's miner workboots	T4_SHOES_GATHERER_ORE
adept's mistcaller	T4_OFF_HORN_KEEPER
adept's mistpiercer	T4_2H_BOW_AVALON
adept's mistwalker hood	T4_HEAD_LEATHER_FEY
adept's mistwalker jacket	T4_ARMOR_LEATHER_FEY
adept's mistwalker shoes	T4_SHOES_LEATHER_FEY
adept's morgana cape	T4_CAPEITEM_MORGANA
adept's morgana crest	T4_CAPEITEM_MORGANA_BP
adept's morning star	T4_2H_FLAIL
adept's muisak	T4_OFF_DEMONSKULL_HELL
adept's nature staff	T4_MAIN_NATURESTAFF
adept's oathkeepers	T4_2H_DUALMACE_AVALON
adept's occult staff	T4_2H_ARCANESTAFF_HELL
adept's permafrost prism	T4_2H_ICECRYSTAL_UNDEAD
adept's phantom twinblade	T4_2H_DOUBLEBLADEDSTAFF_CRYSTAL
adept's pickaxe	T4_2H_TOOL_PICK
adept's pike	T4_2H_SPEAR
adept's polehammer	T4_2H_POLEHAMMER
adept's primal staff	T4_2H_SHAPESHIFTER_SET3
adept's prowling staff	T4_2H_SHAPESHIFTER_SET1
adept's quarrier cap	T4_HEAD_GATHERER_ROCK
adept's quarrier garb	T4_ARMOR_GATHERER_ROCK
adept's quarrier workboots	T4_SHOES_GATHERER_ROCK
adept's quarterstaff	T4_2H_QUARTERSTAFF
adept's rampant staff	T4_2H_NATURESTAFF_KEEPER
adept's ravenstrike cestus	T4_2H_KNUCKLES_MORGANA
adept's realmbreaker	T4_2H_AXE_AVALON
adept's redemption staff	T4_2H_HOLYSTAFF_UNDEAD
adept's rift glaive	T4_2H_GLAIVE_CRYSTAL
adept's robe of purity	T4_ARMOR_CLOTH_AVALON
adept's rootbound staff	T4_2H_SHAPESHIFTER_SET2
adept's rotcaller staff	T4_MAIN_CURSEDSTAFF_CRYSTAL
adept's royal armor	T4_ARMOR_PLATE_ROYAL
adept's royal boots	T4_SHOES_PLATE_ROYAL
adept's royal cowl	T4_HEAD_CLOTH_ROYAL
adept's royal helmet	T4_HEAD_PLATE_ROYAL
adept's royal hood	T4_HEAD_LEATHER_ROYAL
adept's royal jacket	T4_ARMOR_LEATHER_ROYAL
adept's royal robe	T4_ARMOR_CLOTH_ROYAL
adept's royal sandals	T4_SHOES_CLOTH_ROYAL
adept's royal shoes	T4_SHOES_LEATHER_ROYAL
adept's sacred scepter	T4_OFF_TALISMAN_AVALON
adept's sandals of purity	T4_SHOES_CLOTH_AVALON
adept's sarcophagus	T4_OFF_TOWERSHIELD_UNDEAD
adept's satchel of insight	T4_BAG_INSIGHT
adept's scholar cowl	T4_HEAD_CLOTH_SET1
adept's scholar robe	T4_ARMOR_CLOTH_SET1
adept's scholar sandals	T4_SHOES_CLOTH_SET1
adept's shadowcaller	T4_MAIN_CURSEDSTAFF_AVALON
adept's shield	T4_OFF_SHIELD
adept's shoes of tenacity	T4_SHOES_LEATHER_AVALON
adept's sickle	T4_2H_TOOL_SICKLE
adept's siege hammer	T4_2H_TOOL_SIEGEHAMMER
adept's siegebow	T4_2H_CROSSBOWLARGE_MORGANA
adept's skinner cap	T4_HEAD_GATHERER_HIDE
adept's skinner garb	T4_ARMOR_GATHERER_HIDE
adept's skinner workboots	T4_SHOES_GATHERER_HIDE
adept's skinning knife	T4_2H_TOOL_KNIFE
adept's skystrider bow	T4_2H_BOW_CRYSTAL
adept's smuggler cape	T4_CAPEITEM_SMUGGLER
adept's smuggler crest	T4_CAPEITEM_SMUGGLER_BP
adept's soldier armor	T4_ARMOR_PLATE_SET1
adept's soldier boots	T4_SHOES_PLATE_SET1
adept's soldier helmet	T4_HEAD_PLATE_SET1
adept's soulscythe	T4_2H_TWINSCYTHE_HELL
adept's spear	T4_MAIN_SPEAR
adept's specter hood	T4_HEAD_LEATHER_UNDEAD
adept's specter jacket	T4_ARMOR_LEATHER_UNDEAD
adept's specter shoes	T4_SHOES_LEATHER_UNDEAD
adept's spiked gauntlets	T4_2H_KNUCKLES_SET3
adept's spirithunter	T4_2H_HARPOON_HELL
adept's staff of balance	T4_2H_ROCKSTAFF_KEEPER
adept's stalker hood	T4_HEAD_LEATHER_MORGANA
adept's stalker jacket	T4_ARMOR_LEATHER_MORGANA
adept's stalker shoes	T4_SHOES_LEATHER_MORGANA
adept's stillgaze staff	T4_2H_SHAPESHIFTER_CRYSTAL
adept's stone hammer	T4_2H_TOOL_HAMMER
adept's taproot	T4_OFF_TOTEM_KEEPER
adept's thetford cape	T4_CAPEITEM_FW_THETFORD
adept's thetford crest	T4_CAPEITEM_FW_THETFORD_BP
adept's timelocked grimoire	T4_OFF_TOME_CRYSTAL
adept's tombhammer	T4_2H_HAMMER_UNDEAD
adept's tome of spells	T4_OFF_BOOK
adept's torch	T4_OFF_TORCH
adept's tracking toolkit	T4_2H_TOOL_TRACKING
adept's trinity spear	T4_2H_TRIDENT_UNDEAD
adept's truebolt hammer	T4_2H_HAMMER_CRYSTAL
adept's twin slayers	T4_2H_DAGGERPAIR_CRYSTAL
adept's unbreakable ward	T4_OFF_SHIELD_CRYSTAL
adept's undead cape	T4_CAPEITEM_UNDEAD
adept's undead crest	T4_CAPEITEM_UNDEAD_BP
adept's ursine maulers	T4_2H_KNUCKLES_KEEPER
adept's wailing bow	T4_2H_BOW_HELL
adept's warbow	T4_2H_WARBOW
adept's weeping repeater	T4_2H_REPEATINGCROSSBOW_UNDEAD
adept's whispering bow	T4_2H_LONGBOW_UNDEAD
adept's wild staff	T4_2H_WILDSTAFF
adept's wildfire staff	T4_MAIN_FIRESTAFF_KEEPER
adept's witchwork staff	T4_MAIN_ARCANESTAFF_UNDEAD
arena veteran's large banner	T8_CAPE_ARENA_BANNER
arena veteran's medium banner	T6_CAPE_ARENA_BANNER
arena veteran's small banner	T4_CAPE_ARENA_BANNER
avalonian beef sandwich	T8_MEAL_SANDWICH_AVALON
avalonian beef stew	T8_MEAL_STEW_AVALON
avalonian chicken omelette	T3_MEAL_OMELETTE_AVALON
avalonian goat sandwich	T4_MEAL_SANDWICH_AVALON
avalonian goat stew	T4_MEAL_STEW_AVALON
avalonian goose omelette	T5_MEAL_OMELETTE_AVALON
avalonian mutton sandwich	T6_MEAL_SANDWICH_AVALON
avalonian mutton stew	T6_MEAL_STEW_AVALON
avalonian pork omelette	T7_MEAL_OMELETTE_AVALON
bean salad	T2_MEAL_SALAD
beef sandwich	T8_MEAL_SANDWICH
beef stew	T8_MEAL_STEW
berserk potion	T6_POTION_BERSERK
blackbog clam soup	T5_MEAL_SOUP_FISH
cabbage soup	T5_MEAL_SOUP
calming potion	T5_POTION_MOB_RESET
chicken omelette	T3_MEAL_OMELETTE
chicken pie	T3_MEAL_PIE
cleansing potion	T5_POTION_CLEANSE2
deadwater eel stew	T8_MEAL_STEW_FISH
deepwater kraken salad	T6_MEAL_SALAD_FISH
drybrook crab omelette	T5_MEAL_OMELETTE_FISH
dusthole crab omelette	T7_MEAL_OMELETTE_FISH
elder's arcane staff	T8_MAIN_ARCANESTAFF
elder's arclight blasters	T8_2H_DUALCROSSBOW_CRYSTAL
elder's arctic staff	T8_2H_FROSTSTAFF_CRYSTAL
elder's armor of valor	T8_ARMOR_PLATE_AVALON
elder's assassin hood	T8_HEAD_LEATHER_SET3
elder's assassin jacket	T8_ARMOR_LEATHER_SET3
elder's assassin shoes	T8_SHOES_LEATHER_SET3
elder's astral aegis	T8_OFF_SHIELD_AVALON
elder's astral staff	T8_2H_ARCANESTAFF_CRYSTAL
elder's avalonian axe	T8_2H_TOOL_AXE_AVALON
elder's avalonian cape	T8_CAPEITEM_AVALON
elder's avalonian crest	T8_CAPEITEM_AVALON_BP
elder's avalonian fishing rod	T8_2H_TOOL_FISHINGROD_AVALON
elder's avalonian pickaxe	T8_2H_TOOL_PICK_AVALON
elder's avalonian sickle	T8_2H_TOOL_SICKLE_AVALON
elder's avalonian siege hammer	T8_2H_TOOL_SIEGEHAMMER_AVALON
elder's avalonian skinning knife	T8_2H_TOOL_KNIFE_AVALON
elder's avalonian stone hammer	T8_2H_TOOL_HAMMER_AVALON
elder's axe	T8_2H_TOOL_AXE
elder's bag	T8_BAG
elder's battle bracers	T8_2H_KNUCKLES_SET2
elder's battleaxe	T8_MAIN_AXE
elder's bear paws	T8_2H_DUALAXE_KEEPER
elder's bedrock mace	T8_MAIN_ROCKMACE_KEEPER
elder's black hands	T8_2H_IRONGAUNTLETS_HELL
elder's black monk staff	T8_2H_COMBATSTAFF_MORGANA
elder's blazing staff	T8_2H_INFERNOSTAFF_MORGANA
elder's blight staff	T8_2H_NATURESTAFF_HELL
elder's bloodletter	T8_MAIN_RAPIER_MORGANA
elder's bloodmoon staff	T8_2H_SHAPESHIFTER_MORGANA
elder's blueflame torch	T8_OFF_TORCH_CRYSTAL
elder's boltcasters	T8_2H_DUALCROSSBOW_HELL
elder's boots of valor	T8_SHOES_PLATE_AVALON
elder's bow	T8_2H_BOW
elder's bow of badon	T8_2H_BOW_KEEPER
elder's brawler gloves	T8_2H_KNUCKLES_SET1
elder's brecilien cape	T8_CAPEITEM_FW_BRECILIEN
elder's brecilien crest	T8_CAPEITEM_FW_BRECILIEN_BP
elder's bridgewatch cape	T8_CAPEITEM_FW_BRIDGEWATCH
elder's bridgewatch crest	T8_CAPEITEM_FW_BRIDGEWATCH_BP
elder's bridled fury	T8_2H_DAGGER_KATAR_AVALON
elder's brimstone staff	T8_2H_FIRESTAFF_HELL
elder's broadsword	T8_MAIN_SWORD
elder's caerleon cape	T8_CAPEITEM_FW_CAERLEON
elder's caerleon crest	T8_CAPEITEM_FW_CAERLEON_BP
elder's caitiff shield	T8_OFF_SHIELD_HELL
elder's camlann mace	T8_2H_MACE_MORGANA
elder's cape	T8_CAPE
elder's carrioncaller	T8_2H_HALBERD_MORGANA
elder's carving sword	T8_2H_CLEAVER_HELL
elder's celestial censer	T8_OFF_CENSER_AVALON
elder's chillhowl	T8_MAIN_FROSTSTAFF_AVALON
elder's clarent blade	T8_MAIN_SCIMITAR_MORGANA
elder's claws	T8_2H_CLAWPAIR
elder's claymore	T8_2H_CLAYMORE
elder's cleric cowl	T8_HEAD_CLOTH_SET2
elder's cleric robe	T8_ARMOR_CLOTH_SET2
elder's cleric sandals	T8_SHOES_CLOTH_SET2
elder's cowl of purity	T8_HEAD_CLOTH_AVALON
elder's crossbow	T8_2H_CROSSBOW
elder's cryptcandle	T8_OFF_LAMP_UNDEAD
elder's crystal reaper	T8_2H_SCYTHE_CRYSTAL
elder's cultist cowl	T8_HEAD_CLOTH_MORGANA
elder's cultist robe	T8_ARMOR_CLOTH_MORGANA
elder's cultist sandals	T8_SHOES_CLOTH_MORGANA
elder's cursed skull	T8_2H_SKULLORB_HELL
elder's cursed staff	T8_MAIN_CURSEDSTAFF
elder's dagger	T8_MAIN_DAGGER
elder's dagger pair	T8_2H_DAGGERPAIR
elder's damnation staff	T8_2H_CURSEDSTAFF_MORGANA
elder's dawnsong	T8_2H_FIRE_RINGPAIR_AVALON
elder's daybreaker	T8_MAIN_SPEAR_LANCE_AVALON
elder's deathgivers	T8_2H_DUALSICKLE_UNDEAD
elder's demon armor	T8_ARMOR_PLATE_HELL
elder's demon boots	T8_SHOES_PLATE_HELL
elder's demon cape	T8_CAPEITEM_DEMON
elder's demon crest	T8_CAPEITEM_DEMON_BP
elder's demon helmet	T8_HEAD_PLATE_HELL
elder's demonfang	T8_MAIN_DAGGER_HELL
elder's demonic staff	T8_2H_DEMONICSTAFF
elder's divine staff	T8_2H_DIVINESTAFF
elder's double bladed staff	T8_2H_DOUBLEBLADEDSTAFF
elder's dreadstorm monarch	T8_MAIN_MACE_CRYSTAL
elder's druid cowl	T8_HEAD_CLOTH_KEEPER
elder's druid robe	T8_ARMOR_CLOTH_KEEPER
elder's druid sandals	T8_SHOES_CLOTH_KEEPER
elder's druidic staff	T8_MAIN_NATURESTAFF_KEEPER
elder's dual swords	T8_2H_DUALSWORD
elder's duskweaver armor	T8_ARMOR_PLATE_FEY
elder's duskweaver boots	T8_SHOES_PLATE_FEY
elder's duskweaver helmet	T8_HEAD_PLATE_FEY
elder's earthrune staff	T8_2H_SHAPESHIFTER_KEEPER
elder's energy shaper	T8_2H_CROSSBOW_CANNON_AVALON
elder's enigmatic staff	T8_2H_ENIGMATICSTAFF
elder's evensong	T8_2H_ARCANE_RINGPAIR_AVALON
elder's exalted staff	T8_2H_HOLYSTAFF_CRYSTAL
elder's eye of secrets	T8_OFF_ORB_MORGANA
elder's facebreaker	T8_OFF_SPIKEDSHIELD_MORGANA
elder's fallen staff	T8_2H_HOLYSTAFF_HELL
elder's feyscale hat	T8_HEAD_CLOTH_FEY
elder's feyscale robe	T8_ARMOR_CLOTH_FEY
elder's feyscale sandals	T8_SHOES_CLOTH_FEY
elder's fiend cowl	T8_HEAD_CLOTH_HELL
elder's fiend robe	T8_ARMOR_CLOTH_HELL
elder's fiend sandals	T8_SHOES_CLOTH_HELL
elder's fire staff	T8_MAIN_FIRESTAFF
elder's fisherman cap	T8_HEAD_GATHERER_FISH
elder's fisherman garb	T8_ARMOR_GATHERER_FISH
elder's fisherman workboots	T8_SHOES_GATHERER_FISH
elder's fishing rod	T8_2H_TOOL_FISHINGROD
elder's fists of avalon	T8_2H_KNUCKLES_AVALON
elder's flamewalker staff	T8_MAIN_FIRESTAFF_CRYSTAL
elder's forcepulse bracers	T8_2H_KNUCKLES_CRYSTAL
elder's forge hammers	T8_2H_DUALHAMMER_HELL
elder's forgebark staff	T8_MAIN_NATURESTAFF_CRYSTAL
elder's fort sterling cape	T8_CAPEITEM_FW_FORTSTERLING
elder's fort sterling crest	T8_CAPEITEM_FW_FORTSTERLING_BP
elder's frost staff	T8_MAIN_FROSTSTAFF
elder's galatine pair	T8_2H_DUALSCIMITAR_UNDEAD
elder's glacial staff	T8_2H_GLACIALSTAFF
elder's glaive	T8_2H_GLAIVE
elder's grailseeker	T8_2H_QUARTERSTAFF_AVALON
elder's graveguard armor	T8_ARMOR_PLATE_UNDEAD
elder's graveguard boots	T8_SHOES_PLATE_UNDEAD
elder's graveguard helmet	T8_HEAD_PLATE_UNDEAD
elder's great arcane staff	T8_2H_ARCANESTAFF
elder's great cursed staff	T8_2H_CURSEDSTAFF
elder's great frost staff	T8_2H_FROSTSTAFF
elder's great hammer	T8_2H_HAMMER
elder's great holy staff	T8_2H_HOLYSTAFF
elder's great nature staff	T8_2H_NATURESTAFF
elder's grovekeeper	T8_2H_RAM_KEEPER
elder's guardian armor	T8_ARMOR_PLATE_SET3
elder's guardian boots	T8_SHOES_PLATE_SET3
elder's guardian helmet	T8_HEAD_PLATE_SET3
elder's halberd	T8_2H_HALBERD
elder's hallowfall	T8_MAIN_HOLYSTAFF_AVALON
elder's hammer	T8_MAIN_HAMMER
elder's hand of justice	T8_2H_HAMMER_AVALON
elder's harvester cap	T8_HEAD_GATHERER_FIBER
elder's harvester garb	T8_ARMOR_GATHERER_FIBER
elder's harvester workboots	T8_SHOES_GATHERER_FIBER
elder's heavy crossbow	T8_2H_CROSSBOWLARGE
elder's heavy mace	T8_2H_MACE
elder's hellfire hands	T8_2H_KNUCKLES_HELL
elder's hellion hood	T8_HEAD_LEATHER_HELL
elder's hellion jacket	T8_ARMOR_LEATHER_HELL
elder's hellion shoes	T8_SHOES_LEATHER_HELL
elder's hellspawn staff	T8_2H_SHAPESHIFTER_HELL
elder's helmet of valor	T8_HEAD_PLATE_AVALON
elder's heretic cape	T8_CAPEITEM_HERETIC
elder's heretic crest	T8_CAPEITEM_HERETIC_BP
elder's heron spear	T8_MAIN_SPEAR_KEEPER
elder's hoarfrost staff	T8_MAIN_FROSTSTAFF_KEEPER
elder's holy staff	T8_MAIN_HOLYSTAFF
elder's hood of tenacity	T8_HEAD_LEATHER_AVALON
elder's hunter hood	T8_HEAD_LEATHER_SET2
elder's hunter jacket	T8_ARMOR_LEATHER_SET2
elder's hunter shoes	T8_SHOES_LEATHER_SET2
elder's icicle staff	T8_2H_ICEGAUNTLETS_HELL
elder's incubus mace	T8_MAIN_MACE_HELL
elder's infernal scythe	T8_2H_SCYTHE_HELL
elder's infernal staff	T8_2H_INFERNOSTAFF
elder's infinity blade	T8_MAIN_SWORD_CRYSTAL
elder's iron-clad staff	T8_2H_IRONCLADEDSTAFF
elder's ironroot staff	T8_MAIN_NATURESTAFF_AVALON
elder's jacket of tenacity	T8_ARMOR_LEATHER_AVALON
elder's judicator armor	T8_ARMOR_PLATE_KEEPER
elder's judicator boots	T8_SHOES_PLATE_KEEPER
elder's judicator helmet	T8_HEAD_PLATE_KEEPER
elder's keeper cape	T8_CAPEITEM_KEEPER
elder's keeper crest	T8_CAPEITEM_KEEPER_BP
elder's kingmaker	T8_2H_CLAYMORE_AVALON
elder's knight armor	T8_ARMOR_PLATE_SET2
elder's knight boots	T8_SHOES_PLATE_SET2
elder's knight helmet	T8_HEAD_PLATE_SET2
elder's leering cane	T8_OFF_JESTERCANE_HELL
elder's lifecurse staff	T8_MAIN_CURSEDSTAFF_UNDEAD
elder's lifetouch staff	T8_MAIN_HOLYSTAFF_MORGANA
elder's light crossbow	T8_MAIN_1HCROSSBOW
elder's lightcaller	T8_2H_SHAPESHIFTER_AVALON
elder's longbow	T8_2H_LONGBOW
elder's lumberjack cap	T8_HEAD_GATHERER_WOOD
elder's lumberjack garb	T8_ARMOR_GATHERER_WOOD
elder's lumberjack workboots	T8_SHOES_GATHERER_WOOD
elder's lymhurst cape	T8_CAPEITEM_FW_LYMHURST
elder's lymhurst crest	T8_CAPEITEM_FW_LYMHURST_BP
elder's mace	T8_MAIN_MACE
elder's mage cowl	T8_HEAD_CLOTH_SET3
elder's mage robe	T8_ARMOR_CLOTH_SET3
elder's mage sandals	T8_SHOES_CLOTH_SET3
elder's malevolent locus	T8_2H_ENIGMATICORB_MORGANA
elder's martlock cape	T8_CAPEITEM_FW_MARTLOCK
elder's martlock crest	T8_CAPEITEM_FW_MARTLOCK_BP
elder's mercenary hood	T8_HEAD_LEATHER_SET1
elder's mercenary jacket	T8_ARMOR_LEATHER_SET1
elder's mercenary shoes	T8_SHOES_LEATHER_SET1
elder's miner cap	T8_HEAD_GATHERER_ORE
elder's miner garb	T8_ARMOR_GATHERER_ORE
elder's miner workboots	T8_SHOES_GATHERER_ORE
elder's mistcaller	T8_OFF_HORN_KEEPER
elder's mistpiercer	T8_2H_BOW_AVALON
elder's mistwalker hood	T8_HEAD_LEATHER_FEY
elder's mistwalker jacket	T8_ARMOR_LEATHER_FEY
elder's mistwalker shoes	T8_SHOES_LEATHER_FEY
elder's morgana cape	T8_CAPEITEM_MORGANA
elder's morgana crest	T8_CAPEITEM_MORGANA_BP
elder's morning star	T8_2H_FLAIL
elder's muisak	T8_OFF_DEMONSKULL_HELL
elder's nature staff	T8_MAIN_NATURESTAFF
elder's oathkeepers	T8_2H_DUALMACE_AVALON
elder's occult staff	T8_2H_ARCANESTAFF_HELL
elder's permafrost prism	T8_2H_ICECRYSTAL_UNDEAD
elder's phantom twinblade	T8_2H_DOUBLEBLADEDSTAFF_CRYSTAL
elder's pickaxe	T8_2H_TOOL_PICK
elder's pike	T8_2H_SPEAR
elder's polehammer	T8_2H_POLEHAMMER
elder's primal staff	T8_2H_SHAPESHIFTER_SET3
elder's prowling staff	T8_2H_SHAPESHIFTER_SET1
elder's quarrier cap	T8_HEAD_GATHERER_ROCK
elder's quarrier garb	T8_ARMOR_GATHERER_ROCK
elder's quarrier workboots	T8_SHOES_GATHERER_ROCK
elder's quarterstaff	T8_2H_QUARTERSTAFF
elder's rampant staff	T8_2H_NATURESTAFF_KEEPER
elder's ravenstrike cestus	T8_2H_KNUCKLES_MORGANA
elder's realmbreaker	T8_2H_AXE_AVALON
elder's redemption staff	T8_2H_HOLYSTAFF_UNDEAD
elder's rift glaive	T8_2H_GLAIVE_CRYSTAL
elder's robe of purity	T8_ARMOR_CLOTH_AVALON
elder's rootbound staff	T8_2H_SHAPESHIFTER_SET2
elder's rotcaller staff	T8_MAIN_CURSEDSTAFF_CRYSTAL
elder's royal armor	T8_ARMOR_PLATE_ROYAL
elder's royal boots	T8_SHOES_PLATE_ROYAL
elder's royal cowl	T8_HEAD_CLOTH_ROYAL
elder's royal helmet	T8_HEAD_PLATE_ROYAL
elder's royal hood	T8_HEAD_LEATHER_ROYAL
elder's royal jacket	T8_ARMOR_LEATHER_ROYAL
elder's royal robe	T8_ARMOR_CLOTH_ROYAL
elder's royal sandals	T8_SHOES_CLOTH_ROYAL
elder's royal shoes	T8_SHOES_LEATHER_ROYAL
elder's sacred scepter	T8_OFF_TALISMAN_AVALON
elder's sandals of purity	T8_SHOES_CLOTH_AVALON
elder's sarcophagus	T8_OFF_TOWERSHIELD_UNDEAD
elder's satchel of insight	T8_BAG_INSIGHT
elder's scholar cowl	T8_HEAD_CLOTH_SET1
elder's scholar robe	T8_ARMOR_CLOTH_SET1
elder's scholar sandals	T8_SHOES_CLOTH_SET1
elder's shadowcaller	T8_MAIN_CURSEDSTAFF_AVALON
elder's shield	T8_OFF_SHIELD
elder's shoes of tenacity	T8_SHOES_LEATHER_AVALON
elder's sickle	T8_2H_TOOL_SICKLE
elder's siege hammer	T8_2H_TOOL_SIEGEHAMMER
elder's siegebow	T8_2H_CROSSBOWLARGE_MORGANA
elder's skinner cap	T8_HEAD_GATHERER_HIDE
elder's skinner garb	T8_ARMOR_GATHERER_HIDE
elder's skinner workboots	T8_SHOES_GATHERER_HIDE
elder's skinning knife	T8_2H_TOOL_KNIFE
elder's skystrider bow	T8_2H_BOW_CRYSTAL
elder's smuggler cape	T8_CAPEITEM_SMUGGLER
elder's smuggler crest	T8_CAPEITEM_SMUGGLER_BP
elder's soldier armor	T8_ARMOR_PLATE_SET1
elder's soldier boots	T8_SHOES_PLATE_SET1
elder's soldier helmet	T8_HEAD_PLATE_SET1
elder's soulscythe	T8_2H_TWINSCYTHE_HELL
elder's spear	T8_MAIN_SPEAR
elder's specter hood	T8_HEAD_LEATHER_UNDEAD
elder's specter jacket	T8_ARMOR_LEATHER_UNDEAD
elder's specter shoes	T8_SHOES_LEATHER_UNDEAD
elder's spiked gauntlets	T8_2H_KNUCKLES_SET3
elder's spirithunter	T8_2H_HARPOON_HELL
elder's staff of balance	T8_2H_ROCKSTAFF_KEEPER
elder's stalker hood	T8_HEAD_LEATHER_MORGANA
elder's stalker jacket	T8_ARMOR_LEATHER_MORGANA
elder's stalker shoes	T8_SHOES_LEATHER_MORGANA
elder's stillgaze staff	T8_2H_SHAPESHIFTER_CRYSTAL
elder's stone hammer	T8_2H_TOOL_HAMMER
elder's taproot	T8_OFF_TOTEM_KEEPER
elder's thetford cape	T8_CAPEITEM_FW_THETFORD
elder's thetford crest	T8_CAPEITEM_FW_THETFORD_BP
elder's timelocked grimoire	T8_OFF_TOME_CRYSTAL
elder's tombhammer	T8_2H_HAMMER_UNDEAD
elder's torch	T8_OFF_TORCH
elder's tracking toolkit	T8_2H_TOOL_TRACKING
elder's trinity spear	T8_2H_TRIDENT_UNDEAD
elder's truebolt hammer	T8_2H_HAMMER_CRYSTAL
elder's twin slayers	T8_2H_DAGGERPAIR_CRYSTAL
elder's unbreakable ward	T8_OFF_SHIELD_CRYSTAL
elder's undead cape	T8_CAPEITEM_UNDEAD
elder's undead crest	T8_CAPEITEM_UNDEAD_BP
elder's ursine maulers	T8_2H_KNUCKLES_KEEPER
elder's wailing bow	T8_2H_BOW_HELL
elder's warbow	T8_2H_WARBOW
elder's weeping repeater	T8_2H_REPEATINGCROSSBOW_UNDEAD
elder's whispering bow	T8_2H_LONGBOW_UNDEAD
elder's wild staff	T8_2H_WILDSTAFF
elder's wildfire staff	T8_MAIN_FIRESTAFF_KEEPER
elder's witchwork staff	T8_MAIN_ARCANESTAFF_UNDEAD
energy potion	T4_POTION_ENERGY
expert's arcane staff	T5_MAIN_ARCANESTAFF
expert's arclight blasters	T5_2H_DUALCROSSBOW_CRYSTAL
expert's arctic staff	T5_2H_FROSTSTAFF_CRYSTAL
expert's armor of valor	T5_ARMOR_PLATE_AVALON
expert's assassin hood	T5_HEAD_LEATHER_SET3
expert's assassin jacket	T5_ARMOR_LEATHER_SET3
expert's assassin shoes	T5_SHOES_LEATHER_SET3
expert's astral aegis	T5_OFF_SHIELD_AVALON
expert's astral staff	T5_2H_ARCANESTAFF_CRYSTAL
expert's avalonian axe	T5_2H_TOOL_AXE_AVALON
expert's avalonian cape	T5_CAPEITEM_AVALON
expert's avalonian crest	T5_CAPEITEM_AVALON_BP
expert's avalonian fishing rod	T5_2H_TOOL_FISHINGROD_AVALON
expert's avalonian pickaxe	T5_2H_TOOL_PICK_AVALON
expert's avalonian sickle	T5_2H_TOOL_SICKLE_AVALON
expert's avalonian siege hammer	T5_2H_TOOL_SIEGEHAMMER_AVALON
expert's avalonian skinning knife	T5_2H_TOOL_KNIFE_AVALON
expert's avalonian stone hammer	T5_2H_TOOL_HAMMER_AVALON
expert's axe	T5_2H_TOOL_AXE
expert's bag	T5_BAG
expert's battle bracers	T5_2H_KNUCKLES_SET2
expert's battleaxe	T5_MAIN_AXE
expert's bear paws	T5_2H_DUALAXE_KEEPER
expert's bedrock mace	T5_MAIN_ROCKMACE_KEEPER
expert's black hands	T5_2H_IRONGAUNTLETS_HELL
expert's black monk staff	T5_2H_COMBATSTAFF_MORGANA
expert's blazing staff	T5_2H_INFERNOSTAFF_MORGANA
expert's blight staff	T5_2H_NATURESTAFF_HELL
expert's bloodletter	T5_MAIN_RAPIER_MORGANA
expert's bloodmoon staff	T5_2H_SHAPESHIFTER_MORGANA
expert's blueflame torch	T5_OFF_TORCH_CRYSTAL
expert's boltcasters	T5_2H_DUALCROSSBOW_HELL
expert's boots of valor	T5_SHOES_PLATE_AVALON
expert's bow	T5_2H_BOW
expert's bow of badon	T5_2H_BOW_KEEPER
expert's brawler gloves	T5_2H_KNUCKLES_SET1
expert's brecilien cape	T5_CAPEITEM_FW_BRECILIEN
expert's brecilien crest	T5_CAPEITEM_FW_BRECILIEN_BP
expert's bridgewatch cape	T5_CAPEITEM_FW_BRIDGEWATCH
expert's bridgewatch crest	T5_CAPEITEM_FW_BRIDGEWATCH_BP
expert's bridled fury	T5_2H_DAGGER_KATAR_AVALON
expert's brimstone staff	T5_2H_FIRESTAFF_HELL
expert's broadsword	T5_MAIN_SWORD
expert's caerleon cape	T5_CAPEITEM_FW_CAERLEON
expert's caerleon crest	T5_CAPEITEM_FW_CAERLEON_BP
expert's caitiff shield	T5_OFF_SHIELD_HELL
expert's camlann mace	T5_2H_MACE_MORGANA
expert's cape	T5_CAPE
expert's carrioncaller	T5_2H_HALBERD_MORGANA
expert's carving sword	T5_2H_CLEAVER_HELL
expert's celestial censer	T5_OFF_CENSER_AVALON
expert's chillhowl	T5_MAIN_FROSTSTAFF_AVALON
expert's clarent blade	T5_MAIN_SCIMITAR_MORGANA
expert's claws	T5_2H_CLAWPAIR
expert's claymore	T5_2H_CLAYMORE
expert's cleric cowl	T5_HEAD_CLOTH_SET2
expert's cleric robe	T5_ARMOR_CLOTH_SET2
expert's cleric sandals	T5_SHOES_CLOTH_SET2
expert's cowl of purity	T5_HEAD_CLOTH_AVALON
expert's crossbow	T5_2H_CROSSBOW
expert's cryptcandle	T5_OFF_LAMP_UNDEAD
expert's crystal reaper	T5_2H_SCYTHE_CRYSTAL
expert's cultist cowl	T5_HEAD_CLOTH_MORGANA
expert's cultist robe	T5_ARMOR_CLOTH_MORGANA
expert's cultist sandals	T5_SHOES_CLOTH_MORGANA
expert's cursed skull	T5_2H_SKULLORB_HELL
expert's cursed staff	T5_MAIN_CURSEDSTAFF
expert's dagger	T5_MAIN_DAGGER
expert's dagger pair	T5_2H_DAGGERPAIR
expert's damnation staff	T5_2H_CURSEDSTAFF_MORGANA
expert's dawnsong	T5_2H_FIRE_RINGPAIR_AVALON
expert's daybreaker	T5_MAIN_SPEAR_LANCE_AVALON
expert's deathgivers	T5_2H_DUALSICKLE_UNDEAD
expert's demon armor	T5_ARMOR_PLATE_HELL
expert's demon boots	T5_SHOES_PLATE_HELL
expert's demon cape	T5_CAPEITEM_DEMON
expert's demon crest	T5_CAPEITEM_DEMON_BP
expert's demon helmet	T5_HEAD_PLATE_HELL
expert's demonfang	T5_MAIN_DAGGER_HELL
expert's demonic staff	T5_2H_DEMONICSTAFF
expert's divine staff	T5_2H_DIVINESTAFF
expert's double bladed staff	T5_2H_DOUBLEBLADEDSTAFF
expert's dreadstorm monarch	T5_MAIN_MACE_CRYSTAL
expert's druid cowl	T5_HEAD_CLOTH_KEEPER
expert's druid robe	T5_ARMOR_CLOTH_KEEPER
expert's druid sandals	T5_SHOES_CLOTH_KEEPER
expert's druidic staff	T5_MAIN_NATURESTAFF_KEEPER
expert's dual swords	T5_2H_DUALSWORD
expert's duskweaver armor	T5_ARMOR_PLATE_FEY
expert's duskweaver boots	T5_SHOES_PLATE_FEY
expert's duskweaver helmet	T5_HEAD_PLATE_FEY
expert's earthrune staff	T5_2H_SHAPESHIFTER_KEEPER
expert's energy shaper	T5_2H_CROSSBOW_CANNON_AVALON
expert's enigmatic staff	T5_2H_ENIGMATICSTAFF
expert's evensong	T5_2H_ARCANE_RINGPAIR_AVALON
expert's exalted staff	T5_2H_HOLYSTAFF_CRYSTAL
expert's eye of secrets	T5_OFF_ORB_MORGANA
expert's facebreaker	T5_OFF_SPIKEDSHIELD_MORGANA
expert's fallen staff	T5_2H_HOLYSTAFF_HELL
expert's feyscale hat	T5_HEAD_CLOTH_FEY
expert's feyscale robe	T5_ARMOR_CLOTH_FEY
expert's feyscale sandals	T5_SHOES_CLOTH_FEY
expert's fiend cowl	T5_HEAD_CLOTH_HELL
expert's fiend robe	T5_ARMOR_CLOTH_HELL
expert's fiend sandals	T5_SHOES_CLOTH_HELL
expert's fire staff	T5_MAIN_FIRESTAFF
expert's fisherman cap	T5_HEAD_GATHERER_FISH
expert's fisherman garb	T5_ARMOR_GATHERER_FISH
expert's fisherman workboots	T5_SHOES_GATHERER_FISH
expert's fishing rod	T5_2H_TOOL_FISHINGROD
expert's fists of avalon	T5_2H_KNUCKLES_AVALON
expert's flamewalker staff	T5_MAIN_FIRESTAFF_CRYSTAL
expert's forcepulse bracers	T5_2H_KNUCKLES_CRYSTAL
expert's forge hammers	T5_2H_DUALHAMMER_HELL
expert's forgebark staff	T5_MAIN_NATURESTAFF_CRYSTAL
expert's fort sterling cape	T5_CAPEITEM_FW_FORTSTERLING
expert's fort sterling crest	T5_CAPEITEM_FW_FORTSTERLING_BP
expert's frost staff	T5_MAIN_FROSTSTAFF
expert's galatine pair	T5_2H_DUALSCIMITAR_UNDEAD
expert's glacial staff	T5_2H_GLACIALSTAFF
expert's glaive	T5_2H_GLAIVE
expert's grailseeker	T5_2H_QUARTERSTAFF_AVALON
expert's graveguard armor	T5_ARMOR_PLATE_UNDEAD
expert's graveguard boots	T5_SHOES_PLATE_UNDEAD
expert's graveguard helmet	T5_HEAD_PLATE_UNDEAD
expert's great arcane staff	T5_2H_ARCANESTAFF
expert's great cursed staff	T5_2H_CURSEDSTAFF
expert's great fire staff	T5_2H_FIRESTAFF
expert's great frost staff	T5_2H_FROSTSTAFF
expert's great hammer	T5_2H_HAMMER
expert's great holy staff	T5_2H_HOLYSTAFF
expert's great nature staff	T5_2H_NATURESTAFF
expert's greataxe	T5_2H_AXE
expert's grovekeeper	T5_2H_RAM_KEEPER
expert's guardian armor	T5_ARMOR_PLATE_SET3
expert's guardian boots	T5_SHOES_PLATE_SET3
expert's guardian helmet	T5_HEAD_PLATE_SET3
expert's halberd	T5_2H_HALBERD
expert's hallowfall	T5_MAIN_HOLYSTAFF_AVALON
expert's hammer	T5_MAIN_HAMMER
expert's hand of justice	T5_2H_HAMMER_AVALON
expert's harvester cap	T5_HEAD_GATHERER_FIBER
expert's harvester garb	T5_ARMOR_GATHERER_FIBER
expert's harvester workboots	T5_SHOES_GATHERER_FIBER
expert's heavy crossbow	T5_2H_CROSSBOWLARGE
expert's heavy mace	T5_2H_MACE
expert's hellfire hands	T5_2H_KNUCKLES_HELL
expert's hellion hood	T5_HEAD_LEATHER_HELL
expert's hellion jacket	T5_ARMOR_LEATHER_HELL
expert's hellion shoes	T5_SHOES_LEATHER_HELL
expert's hellspawn staff	T5_2H_SHAPESHIFTER_HELL
expert's helmet of valor	T5_HEAD_PLATE_AVALON
expert's heretic cape	T5_CAPEITEM_HERETIC
expert's heretic crest	T5_CAPEITEM_HERETIC_BP
expert's heron spear	T5_MAIN_SPEAR_KEEPER
expert's hoarfrost staff	T5_MAIN_FROSTSTAFF_KEEPER
expert's holy staff	T5_MAIN_HOLYSTAFF
expert's hood of tenacity	T5_HEAD_LEATHER_AVALON
expert's hunter hood	T5_HEAD_LEATHER_SET2
expert's hunter jacket	T5_ARMOR_LEATHER_SET2
expert's hunter shoes	T5_SHOES_LEATHER_SET2
expert's icicle staff	T5_2H_ICEGAUNTLETS_HELL
expert's incubus mace	T5_MAIN_MACE_HELL
expert's infernal scythe	T5_2H_SCYTHE_HELL
expert's infernal staff	T5_2H_INFERNOSTAFF
expert's infinity blade	T5_MAIN_SWORD_CRYSTAL
expert's iron-clad staff	T5_2H_IRONCLADEDSTAFF
expert's ironroot staff	T5_MAIN_NATURESTAFF_AVALON
expert's jacket of tenacity	T5_ARMOR_LEATHER_AVALON
expert's judicator armor	T5_ARMOR_PLATE_KEEPER
expert's judicator boots	T5_SHOES_PLATE_KEEPER
expert's judicator helmet	T5_HEAD_PLATE_KEEPER
expert's keeper cape	T5_CAPEITEM_KEEPER
expert's keeper crest	T5_CAPEITEM_KEEPER_BP
expert's kingmaker	T5_2H_CLAYMORE_AVALON
expert's knight armor	T5_ARMOR_PLATE_SET2
expert's knight boots	T5_SHOES_PLATE_SET2
expert's knight helmet	T5_HEAD_PLATE_SET2
expert's leering cane	T5_OFF_JESTERCANE_HELL
expert's lifecurse staff	T5_MAIN_CURSEDSTAFF_UNDEAD
expert's lifetouch staff	T5_MAIN_HOLYSTAFF_MORGANA
expert's light crossbow	T5_MAIN_1HCROSSBOW
expert's lightcaller	T5_2H_SHAPESHIFTER_AVALON
expert's longbow	T5_2H_LONGBOW
expert's lumberjack cap	T5_HEAD_GATHERER_WOOD
expert's lumberjack garb	T5_ARMOR_GATHERER_WOOD
expert's lumberjack workboots	T5_SHOES_GATHERER_WOOD
expert's lymhurst cape	T5_CAPEITEM_FW_LYMHURST
expert's lymhurst crest	T5_CAPEITEM_FW_LYMHURST_BP
expert's mace	T5_MAIN_MACE
expert's mage cowl	T5_HEAD_CLOTH_SET3
expert's mage robe	T5_ARMOR_CLOTH_SET3
expert's mage sandals	T5_SHOES_CLOTH_SET3
expert's malevolent locus	T5_2H_ENIGMATICORB_MORGANA
expert's martlock cape	T5_CAPEITEM_FW_MARTLOCK
expert's martlock crest	T5_CAPEITEM_FW_MARTLOCK_BP
expert's mercenary hood	T5_HEAD_LEATHER_SET1
expert's mercenary jacket	T5_ARMOR_LEATHER_SET1
expert's mercenary shoes	T5_SHOES_LEATHER_SET1
expert's miner cap	T5_HEAD_GATHERER_ORE
expert's miner garb	T5_ARMOR_GATHERER_ORE
expert's miner workboots	T5_SHOES_GATHERER_ORE
expert's mistcaller	T5_OFF_HORN_KEEPER
expert's mistpiercer	T5_2H_BOW_AVALON
expert's mistwalker hood	T5_HEAD_LEATHER_FEY
expert's mistwalker jacket	T5_ARMOR_LEATHER_FEY
expert's mistwalker shoes	T5_SHOES_LEATHER_FEY
expert's morgana cape	T5_CAPEITEM_MORGANA
expert's morgana crest	T5_CAPEITEM_MORGANA_BP
expert's morning star	T5_2H_FLAIL
expert's muisak	T5_OFF_DEMONSKULL_HELL
expert's nature staff	T5_MAIN_NATURESTAFF
expert's oathkeepers	T5_2H_DUALMACE_AVALON
expert's occult staff	T5_2H_ARCANESTAFF_HELL
expert's permafrost prism	T5_2H_ICECRYSTAL_UNDEAD
expert's phantom twinblade	T5_2H_DOUBLEBLADEDSTAFF_CRYSTAL
expert's pickaxe	T5_2H_TOOL_PICK
expert's pike	T5_2H_SPEAR
expert's polehammer	T5_2H_POLEHAMMER
expert's primal staff	T5_2H_SHAPESHIFTER_SET3
expert's prowling staff	T5_2H_SHAPESHIFTER_SET1
expert's quarrier cap	T5_HEAD_GATHERER_ROCK
expert's quarrier garb	T5_ARMOR_GATHERER_ROCK
expert's quarrier workboots	T5_SHOES_GATHERER_ROCK
expert's quarterstaff	T5_2H_QUARTERSTAFF
expert's rampant staff	T5_2H_NATURESTAFF_KEEPER
expert's ravenstrike cestus	T5_2H_KNUCKLES_MORGANA
expert's realmbreaker	T5_2H_AXE_AVALON
expert's redemption staff	T5_2H_HOLYSTAFF_UNDEAD
expert's rift glaive	T5_2H_GLAIVE_CRYSTAL
expert's robe of purity	T5_ARMOR_CLOTH_AVALON
expert's rootbound staff	T5_2H_SHAPESHIFTER_SET2
expert's rotcaller staff	T5_MAIN_CURSEDSTAFF_CRYSTAL
expert's royal armor	T5_ARMOR_PLATE_ROYAL
expert's royal boots	T5_SHOES_PLATE_ROYAL
expert's royal cowl	T5_HEAD_CLOTH_ROYAL
expert's royal helmet	T5_HEAD_PLATE_ROYAL
expert's royal hood	T5_HEAD_LEATHER_ROYAL
expert's royal jacket	T5_ARMOR_LEATHER_ROYAL
expert's royal robe	T5_ARMOR_CLOTH_ROYAL
expert's royal sandals	T5_SHOES_CLOTH_ROYAL
expert's royal shoes	T5_SHOES_LEATHER_ROYAL
expert's sacred scepter	T5_OFF_TALISMAN_AVALON
expert's sandals of purity	T5_SHOES_CLOTH_AVALON
expert's sarcophagus	T5_OFF_TOWERSHIELD_UNDEAD
expert's satchel of insight	T5_BAG_INSIGHT
expert's scholar cowl	T5_HEAD_CLOTH_SET1
expert's scholar robe	T5_ARMOR_CLOTH_SET1
expert's scholar sandals	T5_SHOES_CLOTH_SET1
expert's shadowcaller	T5_MAIN_CURSEDSTAFF_AVALON
expert's shield	T5_OFF_SHIELD
expert's shoes of tenacity	T5_SHOES_LEATHER_AVALON
expert's sickle	T5_2H_TOOL_SICKLE
expert's siege hammer	T5_2H_TOOL_SIEGEHAMMER
expert's siegebow	T5_2H_CROSSBOWLARGE_MORGANA
expert's skinner cap	T5_HEAD_GATHERER_HIDE
expert's skinner garb	T5_ARMOR_GATHERER_HIDE
expert's skinner workboots	T5_SHOES_GATHERER_HIDE
expert's skinning knife	T5_2H_TOOL_KNIFE
expert's skystrider bow	T5_2H_BOW_CRYSTAL
expert's smuggler cape	T5_CAPEITEM_SMUGGLER
expert's smuggler crest	T5_CAPEITEM_SMUGGLER_BP
expert's soldier armor	T5_ARMOR_PLATE_SET1
expert's soldier boots	T5_SHOES_PLATE_SET1
expert's soldier helmet	T5_HEAD_PLATE_SET1
expert's soulscythe	T5_2H_TWINSCYTHE_HELL
expert's spear	T5_MAIN_SPEAR
expert's specter hood	T5_HEAD_LEATHER_UNDEAD
expert's specter jacket	T5_ARMOR_LEATHER_UNDEAD
expert's specter shoes	T5_SHOES_LEATHER_UNDEAD
expert's spiked gauntlets	T5_2H_KNUCKLES_SET3
expert's spirithunter	T5_2H_HARPOON_HELL
expert's staff of balance	T5_2H_ROCKSTAFF_KEEPER
expert's stalker hood	T5_HEAD_LEATHER_MORGANA
expert's stalker jacket	T5_ARMOR_LEATHER_MORGANA
expert's stalker shoes	T5_SHOES_LEATHER_MORGANA
expert's stillgaze staff	T5_2H_SHAPESHIFTER_CRYSTAL
expert's stone hammer	T5_2H_TOOL_HAMMER
expert's taproot	T5_OFF_TOTEM_KEEPER
expert's thetford cape	T5_CAPEITEM_FW_THETFORD
expert's thetford crest	T5_CAPEITEM_FW_THETFORD_BP
expert's timelocked grimoire	T5_OFF_TOME_CRYSTAL
expert's tombhammer	T5_2H_HAMMER_UNDEAD
expert's tome of spells	T5_OFF_BOOK
expert's torch	T5_OFF_TORCH
expert's tracking toolkit	T5_2H_TOOL_TRACKING
expert's trinity spear	T5_2H_TRIDENT_UNDEAD
expert's truebolt hammer	T5_2H_HAMMER_CRYSTAL
expert's twin slayers	T5_2H_DAGGERPAIR_CRYSTAL
expert's unbreakable ward	T5_OFF_SHIELD_CRYSTAL
expert's undead cape	T5_CAPEITEM_UNDEAD
expert's undead crest	T5_CAPEITEM_UNDEAD_BP
expert's ursine maulers	T5_2H_KNUCKLES_KEEPER
expert's wailing bow	T5_2H_BOW_HELL
expert's warbow	T5_2H_WARBOW
expert's weeping repeater	T5_2H_REPEATINGCROSSBOW_UNDEAD
expert's whispering bow	T5_2H_LONGBOW_UNDEAD
expert's wild staff	T5_2H_WILDSTAFF
expert's wildfire staff	T5_MAIN_FIRESTAFF_KEEPER
expert's witchwork staff	T5_MAIN_ARCANESTAFF_UNDEAD
frostpeak deadeye pie	T7_MEAL_PIE_FISH
gathering potion	T6_POTION_GATHER
gigantify potion	T5_POTION_REVIVE
goat sandwich	T4_MEAL_SANDWICH
goat stew	T4_MEAL_STEW
goose omelette	T5_MEAL_OMELETTE
goose pie	T5_MEAL_PIE
grandmaster's arcane staff	T7_MAIN_ARCANESTAFF
grandmaster's arclight blasters	T7_2H_DUALCROSSBOW_CRYSTAL
grandmaster's arctic staff	T7_2H_FROSTSTAFF_CRYSTAL
grandmaster's armor of valor	T7_ARMOR_PLATE_AVALON
grandmaster's assassin hood	T7_HEAD_LEATHER_SET3
grandmaster's assassin jacket	T7_ARMOR_LEATHER_SET3
grandmaster's assassin shoes	T7_SHOES_LEATHER_SET3
grandmaster's astral aegis	T7_OFF_SHIELD_AVALON
grandmaster's astral staff	T7_2H_ARCANESTAFF_CRYSTAL
grandmaster's avalonian axe	T7_2H_TOOL_AXE_AVALON
grandmaster's avalonian cape	T7_CAPEITEM_AVALON
grandmaster's avalonian crest	T7_CAPEITEM_AVALON_BP
grandmaster's avalonian fishing rod	T7_2H_TOOL_FISHINGROD_AVALON
grandmaster's avalonian pickaxe	T7_2H_TOOL_PICK_AVALON
grandmaster's avalonian sickle	T7_2H_TOOL_SICKLE_AVALON
grandmaster's avalonian siege hammer	T7_2H_TOOL_SIEGEHAMMER_AVALON
grandmaster's avalonian skinning knife	T7_2H_TOOL_KNIFE_AVALON
grandmaster's avalonian stone hammer	T7_2H_TOOL_HAMMER_AVALON
grandmaster's axe	T7_2H_TOOL_AXE
grandmaster's bag	T7_BAG
grandmaster's battle bracers	T7_2H_KNUCKLES_SET2
grandmaster's battleaxe	T7_MAIN_AXE
grandmaster's bear paws	T7_2H_DUALAXE_KEEPER
grandmaster's bedrock mace	T7_MAIN_ROCKMACE_KEEPER
grandmaster's black hands	T7_2H_IRONGAUNTLETS_HELL
grandmaster's black monk staff	T7_2H_COMBATSTAFF_MORGANA
grandmaster's blazing staff	T7_2H_INFERNOSTAFF_MORGANA
grandmaster's blight staff	T7_2H_NATURESTAFF_HELL
grandmaster's bloodletter	T7_MAIN_RAPIER_MORGANA
grandmaster's bloodmoon staff	T7_2H_SHAPESHIFTER_MORGANA
grandmaster's blueflame torch	T7_OFF_TORCH_CRYSTAL
grandmaster's boltcasters	T7_2H_DUALCROSSBOW_HELL
grandmaster's boots of valor	T7_SHOES_PLATE_AVALON
grandmaster's bow	T7_2H_BOW
grandmaster's bow of badon	T7_2H_BOW_KEEPER
grandmaster's brawler gloves	T7_2H_KNUCKLES_SET1
grandmaster's brecilien cape	T7_CAPEITEM_FW_BRECILIEN
grandmaster's brecilien crest	T7_CAPEITEM_FW_BRECILIEN_BP
grandmaster's bridgewatch cape	T7_CAPEITEM_FW_BRIDGEWATCH
grandmaster's bridgewatch crest	T7_CAPEITEM_FW_BRIDGEWATCH_BP
grandmaster's bridled fury	T7_2H_DAGGER_KATAR_AVALON
grandmaster's brimstone staff	T7_2H_FIRESTAFF_HELL
grandmaster's broadsword	T7_MAIN_SWORD
grandmaster's caerleon cape	T7_CAPEITEM_FW_CAERLEON
grandmaster's caerleon crest	T7_CAPEITEM_FW_CAERLEON_BP
grandmaster's caitiff shield	T7_OFF_SHIELD_HELL
grandmaster's camlann mace	T7_2H_MACE_MORGANA
grandmaster's cape	T7_CAPE
grandmaster's carrioncaller	T7_2H_HALBERD_MORGANA
grandmaster's carving sword	T7_2H_CLEAVER_HELL
grandmaster's celestial censer	T7_OFF_CENSER_AVALON
grandmaster's chillhowl	T7_MAIN_FROSTSTAFF_AVALON
grandmaster's clarent blade	T7_MAIN_SCIMITAR_MORGANA
grandmaster's claws	T7_2H_CLAWPAIR
grandmaster's claymore	T7_2H_CLAYMORE
grandmaster's cleric cowl	T7_HEAD_CLOTH_SET2
grandmaster's cleric robe	T7_ARMOR_CLOTH_SET2
grandmaster's cleric sandals	T7_SHOES_CLOTH_SET2
grandmaster's cowl of purity	T7_HEAD_CLOTH_AVALON
grandmaster's crossbow	T7_2H_CROSSBOW
grandmaster's cryptcandle	T7_OFF_LAMP_UNDEAD
grandmaster's crystal reaper	T7_2H_SCYTHE_CRYSTAL
grandmaster's cultist cowl	T7_HEAD_CLOTH_MORGANA
grandmaster's cultist robe	T7_ARMOR_CLOTH_MORGANA
grandmaster's cultist sandals	T7_SHOES_CLOTH_MORGANA
grandmaster's cursed skull	T7_2H_SKULLORB_HELL
grandmaster's cursed staff	T7_MAIN_CURSEDSTAFF
grandmaster's dagger	T7_MAIN_DAGGER
grandmaster's dagger pair	T7_2H_DAGGERPAIR
grandmaster's damnation staff	T7_2H_CURSEDSTAFF_MORGANA
grandmaster's dawnsong	T7_2H_FIRE_RINGPAIR_AVALON
grandmaster's daybreaker	T7_MAIN_SPEAR_LANCE_AVALON
grandmaster's deathgivers	T7_2H_DUALSICKLE_UNDEAD
grandmaster's demon armor	T7_ARMOR_PLATE_HELL
grandmaster's demon boots	T7_SHOES_PLATE_HELL
grandmaster's demon cape	T7_CAPEITEM_DEMON
grandmaster's demon crest	T7_CAPEITEM_DEMON_BP
grandmaster's demon helmet	T7_HEAD_PLATE_HELL
grandmaster's demonfang	T7_MAIN_DAGGER_HELL
grandmaster's demonic staff	T7_2H_DEMONICSTAFF
grandmaster's divine staff	T7_2H_DIVINESTAFF
grandmaster's double bladed staff	T7_2H_DOUBLEBLADEDSTAFF
grandmaster's dreadstorm monarch	T7_MAIN_MACE_CRYSTAL
grandmaster's druid cowl	T7_HEAD_CLOTH_KEEPER
grandmaster's druid robe	T7_ARMOR_CLOTH_KEEPER
grandmaster's druid sandals	T7_SHOES_CLOTH_KEEPER
grandmaster's druidic staff	T7_MAIN_NATURESTAFF_KEEPER
grandmaster's dual swords	T7_2H_DUALSWORD
grandmaster's duskweaver armor	T7_ARMOR_PLATE_FEY
grandmaster's duskweaver boots	T7_SHOES_PLATE_FEY
grandmaster's duskweaver helmet	T7_HEAD_PLATE_FEY
grandmaster's earthrune staff	T7_2H_SHAPESHIFTER_KEEPER
grandmaster's energy shaper	T7_2H_CROSSBOW_CANNON_AVALON
grandmaster's enigmatic staff	T7_2H_ENIGMATICSTAFF
grandmaster's evensong	T7_2H_ARCANE_RINGPAIR_AVALON
grandmaster's exalted staff	T7_2H_HOLYSTAFF_CRYSTAL
grandmaster's eye of secrets	T7_OFF_ORB_MORGANA
grandmaster's facebreaker	T7_OFF_SPIKEDSHIELD_MORGANA
grandmaster's fallen staff	T7_2H_HOLYSTAFF_HELL
grandmaster's feyscale hat	T7_HEAD_CLOTH_FEY
grandmaster's feyscale robe	T7_ARMOR_CLOTH_FEY
grandmaster's feyscale sandals	T7_SHOES_CLOTH_FEY
grandmaster's fiend cowl	T7_HEAD_CLOTH_HELL
grandmaster's fiend robe	T7_ARMOR_CLOTH_HELL
grandmaster's fiend sandals	T7_SHOES_CLOTH_HELL
grandmaster's fire staff	T7_MAIN_FIRESTAFF
grandmaster's fisherman cap	T7_HEAD_GATHERER_FISH
grandmaster's fisherman garb	T7_ARMOR_GATHERER_FISH
grandmaster's fisherman workboots	T7_SHOES_GATHERER_FISH
grandmaster's fishing rod	T7_2H_TOOL_FISHINGROD
grandmaster's fists of avalon	T7_2H_KNUCKLES_AVALON
grandmaster's flamewalker staff	T7_MAIN_FIRESTAFF_CRYSTAL
grandmaster's forcepulse bracers	T7_2H_KNUCKLES_CRYSTAL
grandmaster's forge hammers	T7_2H_DUALHAMMER_HELL
grandmaster's forgebark staff	T7_MAIN_NATURESTAFF_CRYSTAL
grandmaster's fort sterling cape	T7_CAPEITEM_FW_FORTSTERLING
grandmaster's fort sterling crest	T7_CAPEITEM_FW_FORTSTERLING_BP
grandmaster's frost staff	T7_MAIN_FROSTSTAFF
grandmaster's galatine pair	T7_2H_DUALSCIMITAR_UNDEAD
grandmaster's glacial staff	T7_2H_GLACIALSTAFF
grandmaster's glaive	T7_2H_GLAIVE
grandmaster's grailseeker	T7_2H_QUARTERSTAFF_AVALON
grandmaster's graveguard armor	T7_ARMOR_PLATE_UNDEAD
grandmaster's graveguard boots	T7_SHOES_PLATE_UNDEAD
grandmaster's graveguard helmet	T7_HEAD_PLATE_UNDEAD
grandmaster's great arcane staff	T7_2H_ARCANESTAFF
grandmaster's great cursed staff	T7_2H_CURSEDSTAFF
grandmaster's great fire staff	T7_2H_FIRESTAFF
grandmaster's great frost staff	T7_2H_FROSTSTAFF
grandmaster's great hammer	T7_2H_HAMMER
grandmaster's great holy staff	T7_2H_HOLYSTAFF
grandmaster's great nature staff	T7_2H_NATURESTAFF
grandmaster's greataxe	T7_2H_AXE
grandmaster's grovekeeper	T7_2H_RAM_KEEPER
grandmaster's guardian armor	T7_ARMOR_PLATE_SET3
grandmaster's guardian boots	T7_SHOES_PLATE_SET3
grandmaster's guardian helmet	T7_HEAD_PLATE_SET3
grandmaster's halberd	T7_2H_HALBERD
grandmaster's hallowfall	T7_MAIN_HOLYSTAFF_AVALON
grandmaster's hammer	T7_MAIN_HAMMER
grandmaster's hand of justice	T7_2H_HAMMER_AVALON
grandmaster's harvester cap	T7_HEAD_GATHERER_FIBER
grandmaster's harvester garb	T7_ARMOR_GATHERER_FIBER
grandmaster's harvester workboots	T7_SHOES_GATHERER_FIBER
grandmaster's heavy crossbow	T7_2H_CROSSBOWLARGE
grandmaster's heavy mace	T7_2H_MACE
grandmaster's hellfire hands	T7_2H_KNUCKLES_HELL
grandmaster's hellion hood	T7_HEAD_LEATHER_HELL
grandmaster's hellion jacket	T7_ARMOR_LEATHER_HELL
grandmaster's hellion shoes	T7_SHOES_LEATHER_HELL
grandmaster's hellspawn staff	T7_2H_SHAPESHIFTER_HELL
grandmaster's helmet of valor	T7_HEAD_PLATE_AVALON
grandmaster's heretic cape	T7_CAPEITEM_HERETIC
grandmaster's heretic crest	T7_CAPEITEM_HERETIC_BP
grandmaster's heron spear	T7_MAIN_SPEAR_KEEPER
grandmaster's hoarfrost staff	T7_MAIN_FROSTSTAFF_KEEPER
grandmaster's holy staff	T7_MAIN_HOLYSTAFF
grandmaster's hood of tenacity	T7_HEAD_LEATHER_AVALON
grandmaster's hunter hood	T7_HEAD_LEATHER_SET2
grandmaster's hunter jacket	T7_ARMOR_LEATHER_SET2
grandmaster's hunter shoes	T7_SHOES_LEATHER_SET2
grandmaster's icicle staff	T7_2H_ICEGAUNTLETS_HELL
grandmaster's incubus mace	T7_MAIN_MACE_HELL
grandmaster's infernal scythe	T7_2H_SCYTHE_HELL
grandmaster's infernal staff	T7_2H_INFERNOSTAFF
grandmaster's infinity blade	T7_MAIN_SWORD_CRYSTAL
grandmaster's iron-clad staff	T7_2H_IRONCLADEDSTAFF
grandmaster's ironroot staff	T7_MAIN_NATURESTAFF_AVALON
grandmaster's jacket of tenacity	T7_ARMOR_LEATHER_AVALON
grandmaster's judicator armor	T7_ARMOR_PLATE_KEEPER
grandmaster's judicator boots	T7_SHOES_PLATE_KEEPER
grandmaster's judicator helmet	T7_HEAD_PLATE_KEEPER
grandmaster's keeper cape	T7_CAPEITEM_KEEPER
grandmaster's keeper crest	T7_CAPEITEM_KEEPER_BP
grandmaster's kingmaker	T7_2H_CLAYMORE_AVALON
grandmaster's knight armor	T7_ARMOR_PLATE_SET2
grandmaster's knight boots	T7_SHOES_PLATE_SET2
grandmaster's knight helmet	T7_HEAD_PLATE_SET2
grandmaster's leering cane	T7_OFF_JESTERCANE_HELL
grandmaster's lifecurse staff	T7_MAIN_CURSEDSTAFF_UNDEAD
grandmaster's lifetouch staff	T7_MAIN_HOLYSTAFF_MORGANA
grandmaster's light crossbow	T7_MAIN_1HCROSSBOW
grandmaster's lightcaller	T7_2H_SHAPESHIFTER_AVALON
grandmaster's longbow	T7_2H_LONGBOW
grandmaster's lumberjack cap	T7_HEAD_GATHERER_WOOD
grandmaster's lumberjack garb	T7_ARMOR_GATHERER_WOOD
grandmaster's lumberjack workboots	T7_SHOES_GATHERER_WOOD
grandmaster's lymhurst cape	T7_CAPEITEM_FW_LYMHURST
grandmaster's lymhurst crest	T7_CAPEITEM_FW_LYMHURST_BP
grandmaster's mace	T7_MAIN_MACE
grandmaster's mage cowl	T7_HEAD_CLOTH_SET3
grandmaster's mage robe	T7_ARMOR_CLOTH_SET3
grandmaster's mage sandals	T7_SHOES_CLOTH_SET3
grandmaster's malevolent locus	T7_2H_ENIGMATICORB_MORGANA
grandmaster's martlock cape	T7_CAPEITEM_FW_MARTLOCK
grandmaster's martlock crest	T7_CAPEITEM_FW_MARTLOCK_BP
grandmaster's mercenary hood	T7_HEAD_LEATHER_SET1
grandmaster's mercenary jacket	T7_ARMOR_LEATHER_SET1
grandmaster's mercenary shoes	T7_SHOES_LEATHER_SET1
grandmaster's miner cap	T7_HEAD_GATHERER_ORE
grandmaster's miner garb	T7_ARMOR_GATHERER_ORE
grandmaster's miner workboots	T7_SHOES_GATHERER_ORE
grandmaster's mistcaller	T7_OFF_HORN_KEEPER
grandmaster's mistpiercer	T7_2H_BOW_AVALON
grandmaster's mistwalker hood	T7_HEAD_LEATHER_FEY
grandmaster's mistwalker jacket	T7_ARMOR_LEATHER_FEY
grandmaster's mistwalker shoes	T7_SHOES_LEATHER_FEY
grandmaster's morgana cape	T7_CAPEITEM_MORGANA
grandmaster's morgana crest	T7_CAPEITEM_MORGANA_BP
grandmaster's morning star	T7_2H_FLAIL
grandmaster's muisak	T7_OFF_DEMONSKULL_HELL
grandmaster's nature staff	T7_MAIN_NATURESTAFF
grandmaster's oathkeepers	T7_2H_DUALMACE_AVALON
grandmaster's occult staff	T7_2H_ARCANESTAFF_HELL
grandmaster's permafrost prism	T7_2H_ICECRYSTAL_UNDEAD
grandmaster's phantom twinblade	T7_2H_DOUBLEBLADEDSTAFF_CRYSTAL
grandmaster's pickaxe	T7_2H_TOOL_PICK
grandmaster's pike	T7_2H_SPEAR
grandmaster's polehammer	T7_2H_POLEHAMMER
grandmaster's primal staff	T7_2H_SHAPESHIFTER_SET3
grandmaster's prowling staff	T7_2H_SHAPESHIFTER_SET1
grandmaster's quarrier cap	T7_HEAD_GATHERER_ROCK
grandmaster's quarrier garb	T7_ARMOR_GATHERER_ROCK
grandmaster's quarrier workboots	T7_SHOES_GATHERER_ROCK
grandmaster's quarterstaff	T7_2H_QUARTERSTAFF
grandmaster's rampant staff	T7_2H_NATURESTAFF_KEEPER
grandmaster's ravenstrike cestus	T7_2H_KNUCKLES_MORGANA
grandmaster's realmbreaker	T7_2H_AXE_AVALON
grandmaster's redemption staff	T7_2H_HOLYSTAFF_UNDEAD
grandmaster's rift glaive	T7_2H_GLAIVE_CRYSTAL
grandmaster's robe of purity	T7_ARMOR_CLOTH_AVALON
grandmaster's rootbound staff	T7_2H_SHAPESHIFTER_SET2
grandmaster's rotcaller staff	T7_MAIN_CURSEDSTAFF_CRYSTAL
grandmaster's royal armor	T7_ARMOR_PLATE_ROYAL
grandmaster's royal boots	T7_SHOES_PLATE_ROYAL
grandmaster's royal cowl	T7_HEAD_CLOTH_ROYAL
grandmaster's royal helmet	T7_HEAD_PLATE_ROYAL
grandmaster's royal hood	T7_HEAD_LEATHER_ROYAL
grandmaster's royal jacket	T7_ARMOR_LEATHER_ROYAL
grandmaster's royal robe	T7_ARMOR_CLOTH_ROYAL
grandmaster's royal sandals	T7_SHOES_CLOTH_ROYAL
grandmaster's royal shoes	T7_SHOES_LEATHER_ROYAL
grandmaster's sacred scepter	T7_OFF_TALISMAN_AVALON
grandmaster's sandals of purity	T7_SHOES_CLOTH_AVALON
grandmaster's sarcophagus	T7_OFF_TOWERSHIELD_UNDEAD
grandmaster's satchel of insight	T7_BAG_INSIGHT
grandmaster's scholar cowl	T7_HEAD_CLOTH_SET1
grandmaster's scholar robe	T7_ARMOR_CLOTH_SET1
grandmaster's scholar sandals	T7_SHOES_CLOTH_SET1
grandmaster's shadowcaller	T7_MAIN_CURSEDSTAFF_AVALON
grandmaster's shield	T7_OFF_SHIELD
grandmaster's shoes of tenacity	T7_SHOES_LEATHER_AVALON
grandmaster's sickle	T7_2H_TOOL_SICKLE
grandmaster's siege hammer	T7_2H_TOOL_SIEGEHAMMER
grandmaster's siegebow	T7_2H_CROSSBOWLARGE_MORGANA
grandmaster's skinner cap	T7_HEAD_GATHERER_HIDE
grandmaster's skinner garb	T7_ARMOR_GATHERER_HIDE
grandmaster's skinner workboots	T7_SHOES_GATHERER_HIDE
grandmaster's skinning knife	T7_2H_TOOL_KNIFE
grandmaster's skystrider bow	T7_2H_BOW_CRYSTAL
grandmaster's smuggler cape	T7_CAPEITEM_SMUGGLER
grandmaster's smuggler crest	T7_CAPEITEM_SMUGGLER_BP
grandmaster's soldier armor	T7_ARMOR_PLATE_SET1
grandmaster's soldier boots	T7_SHOES_PLATE_SET1
grandmaster's soldier helmet	T7_HEAD_PLATE_SET1
grandmaster's soulscythe	T7_2H_TWINSCYTHE_HELL
grandmaster's spear	T7_MAIN_SPEAR
grandmaster's specter hood	T7_HEAD_LEATHER_UNDEAD
grandmaster's specter jacket	T7_ARMOR_LEATHER_UNDEAD
grandmaster's specter shoes	T7_SHOES_LEATHER_UNDEAD
grandmaster's spiked gauntlets	T7_2H_KNUCKLES_SET3
grandmaster's spirithunter	T7_2H_HARPOON_HELL
grandmaster's staff of balance	T7_2H_ROCKSTAFF_KEEPER
grandmaster's stalker hood	T7_HEAD_LEATHER_MORGANA
grandmaster's stalker jacket	T7_ARMOR_LEATHER_MORGANA
grandmaster's stalker shoes	T7_SHOES_LEATHER_MORGANA
grandmaster's stillgaze staff	T7_2H_SHAPESHIFTER_CRYSTAL
grandmaster's stone hammer	T7_2H_TOOL_HAMMER
grandmaster's taproot	T7_OFF_TOTEM_KEEPER
grandmaster's thetford cape	T7_CAPEITEM_FW_THETFORD
grandmaster's thetford crest	T7_CAPEITEM_FW_THETFORD_BP
grandmaster's timelocked grimoire	T7_OFF_TOME_CRYSTAL
grandmaster's tombhammer	T7_2H_HAMMER_UNDEAD
grandmaster's tome of spells	T7_OFF_BOOK
grandmaster's torch	T7_OFF_TORCH
grandmaster's tracking toolkit	T7_2H_TOOL_TRACKING
grandmaster's trinity spear	T7_2H_TRIDENT_UNDEAD
grandmaster's truebolt hammer	T7_2H_HAMMER_CRYSTAL
grandmaster's twin slayers	T7_2H_DAGGERPAIR_CRYSTAL
grandmaster's unbreakable ward	T7_OFF_SHIELD_CRYSTAL
grandmaster's undead cape	T7_CAPEITEM_UNDEAD
grandmaster's undead crest	T7_CAPEITEM_UNDEAD_BP
grandmaster's ursine maulers	T7_2H_KNUCKLES_KEEPER
grandmaster's wailing bow	T7_2H_BOW_HELL
grandmaster's warbow	T7_2H_WARBOW
grandmaster's weeping repeater	T7_2H_REPEATINGCROSSBOW_UNDEAD
grandmaster's whispering bow	T7_2H_LONGBOW_UNDEAD
grandmaster's wild staff	T7_2H_WILDSTAFF
grandmaster's wildfire staff	T7_MAIN_FIRESTAFF_KEEPER
grandmaster's witchwork staff	T7_MAIN_ARCANESTAFF_UNDEAD
greenriver eel stew	T4_MEAL_STEW_FISH
healing potion	T4_POTION_HEAL
hellfire potion	T6_POTION_LAVA
invisibility potion	T8_POTION_CLEANSE
journeyman's arcane staff	T3_MAIN_ARCANESTAFF
journeyman's axe	T3_2H_TOOL_AXE
journeyman's bag	T3_BAG
journeyman's battleaxe	T3_MAIN_AXE
journeyman's bow	T3_2H_BOW
journeyman's brawler gloves	T3_2H_KNUCKLES_SET1
journeyman's broadsword	T3_MAIN_SWORD
journeyman's cape	T3_CAPE
journeyman's crossbow	T3_2H_CROSSBOW
journeyman's cursed staff	T3_MAIN_CURSEDSTAFF
journeyman's dagger	T3_MAIN_DAGGER
journeyman's fire staff	T3_MAIN_FIRESTAFF
journeyman's fishing rod	T3_2H_TOOL_FISHINGROD
journeyman's frost staff	T3_MAIN_FROSTSTAFF
journeyman's hammer	T3_MAIN_HAMMER
journeyman's holy staff	T3_MAIN_HOLYSTAFF
journeyman's mace	T3_MAIN_MACE
journeyman's mercenary hood	T3_HEAD_LEATHER_SET1
journeyman's mercenary jacket	T3_ARMOR_LEATHER_SET1
journeyman's mercenary shoes	T3_SHOES_LEATHER_SET1
journeyman's nature staff	T3_MAIN_NATURESTAFF
journeyman's pickaxe	T3_2H_TOOL_PICK
journeyman's prowling staff	T3_2H_SHAPESHIFTER_SET1
journeyman's quarterstaff	T3_2H_QUARTERSTAFF
journeyman's scholar cowl	T3_HEAD_CLOTH_SET1
journeyman's scholar robe	T3_ARMOR_CLOTH_SET1
journeyman's scholar sandals	T3_SHOES_CLOTH_SET1
journeyman's shield	T3_OFF_SHIELD
journeyman's sickle	T3_2H_TOOL_SICKLE
journeyman's siege hammer	T3_2H_TOOL_SIEGEHAMMER
journeyman's skinning knife	T3_2H_TOOL_KNIFE
journeyman's soldier armor	T3_ARMOR_PLATE_SET1
journeyman's soldier boots	T3_SHOES_PLATE_SET1
journeyman's soldier helmet	T3_HEAD_PLATE_SET1
journeyman's spear	T3_MAIN_SPEAR
journeyman's stone hammer	T3_2H_TOOL_HAMMER
journeyman's tome of spells	T3_OFF_BOOK
journeyman's torch	T3_OFF_TORCH
journeyman's tracking toolkit	T3_2H_TOOL_TRACKING
lowriver crab omelette	T3_MEAL_OMELETTE_FISH
major acid potion	T7_POTION_ACID
major berserk potion	T8_POTION_BERSERK
major calming potion	T7_POTION_MOB_RESET
major cleansing potion	T7_POTION_CLEANSE2
major energy potion	T6_POTION_ENERGY
major gathering potion	T8_POTION_GATHER
major gigantify potion	T7_POTION_REVIVE
major healing potion	T6_POTION_HEAL
major hellfire potion	T8_POTION_LAVA
major poison potion	T8_POTION_COOLDOWN
major resistance potion	T7_POTION_STONESKIN
major sticky potion	T7_POTION_SLOWFIELD
major tornado in a bottle	T8_POTION_TORNADO
master's arcane staff	T6_MAIN_ARCANESTAFF
master's arclight blasters	T6_2H_DUALCROSSBOW_CRYSTAL
master's arctic staff	T6_2H_FROSTSTAFF_CRYSTAL
master's armor of valor	T6_ARMOR_PLATE_AVALON
master's assassin hood	T6_HEAD_LEATHER_SET3
master's assassin jacket	T6_ARMOR_LEATHER_SET3
master's assassin shoes	T6_SHOES_LEATHER_SET3
master's astral aegis	T6_OFF_SHIELD_AVALON
master's astral staff	T6_2H_ARCANESTAFF_CRYSTAL
master's avalonian axe	T6_2H_TOOL_AXE_AVALON
master's avalonian cape	T6_CAPEITEM_AVALON
master's avalonian crest	T6_CAPEITEM_AVALON_BP
master's avalonian fishing rod	T6_2H_TOOL_FISHINGROD_AVALON
master's avalonian pickaxe	T6_2H_TOOL_PICK_AVALON
master's avalonian sickle	T6_2H_TOOL_SICKLE_AVALON
master's avalonian siege hammer	T6_2H_TOOL_SIEGEHAMMER_AVALON
master's avalonian skinning knife	T6_2H_TOOL_KNIFE_AVALON
master's avalonian stone hammer	T6_2H_TOOL_HAMMER_AVALON
master's axe	T6_2H_TOOL_AXE
master's bag	T6_BAG
master's battle bracers	T6_2H_KNUCKLES_SET2
master's battleaxe	T6_MAIN_AXE
master's bear paws	T6_2H_DUALAXE_KEEPER
master's bedrock mace	T6_MAIN_ROCKMACE_KEEPER
master's black hands	T6_2H_IRONGAUNTLETS_HELL
master's black monk staff	T6_2H_COMBATSTAFF_MORGANA
master's blazing staff	T6_2H_INFERNOSTAFF_MORGANA
master's blight staff	T6_2H_NATURESTAFF_HELL
master's bloodletter	T6_MAIN_RAPIER_MORGANA
master's bloodmoon staff	T6_2H_SHAPESHIFTER_MORGANA
master's blueflame torch	T6_OFF_TORCH_CRYSTAL
master's boltcasters	T6_2H_DUALCROSSBOW_HELL
master's boots of valor	T6_SHOES_PLATE_AVALON
master's bow	T6_2H_BOW
master's bow of badon	T6_2H_BOW_KEEPER
master's brawler gloves	T6_2H_KNUCKLES_SET1
master's brecilien cape	T6_CAPEITEM_FW_BRECILIEN
master's brecilien crest	T6_CAPEITEM_FW_BRECILIEN_BP
master's bridgewatch cape	T6_CAPEITEM_FW_BRIDGEWATCH
master's bridgewatch crest	T6_CAPEITEM_FW_BRIDGEWATCH_BP
master's bridled fury	T6_2H_DAGGER_KATAR_AVALON
master's brimstone staff	T6_2H_FIRESTAFF_HELL
master's broadsword	T6_MAIN_SWORD
master's caerleon cape	T6_CAPEITEM_FW_CAERLEON
master's caerleon crest	T6_CAPEITEM_FW_CAERLEON_BP
master's caitiff shield	T6_OFF_SHIELD_HELL
master's camlann mace	T6_2H_MACE_MORGANA
master's cape	T6_CAPE
master's carrioncaller	T6_2H_HALBERD_MORGANA
master's carving sword	T6_2H_CLEAVER_HELL
master's celestial censer	T6_OFF_CENSER_AVALON
master's chillhowl	T6_MAIN_FROSTSTAFF_AVALON
master's clarent blade	T6_MAIN_SCIMITAR_MORGANA
master's claws	T6_2H_CLAWPAIR
master's claymore	T6_2H_CLAYMORE
master's cleric cowl	T6_HEAD_CLOTH_SET2
master's cleric robe	T6_ARMOR_CLOTH_SET2
master's cleric sandals	T6_SHOES_CLOTH_SET2
master's cowl of purity	T6_HEAD_CLOTH_AVALON
master's crossbow	T6_2H_CROSSBOW
master's cryptcandle	T6_OFF_LAMP_UNDEAD
master's crystal reaper	T6_2H_SCYTHE_CRYSTAL
master's cultist cowl	T6_HEAD_CLOTH_MORGANA
master's cultist robe	T6_ARMOR_CLOTH_MORGANA
master's cultist sandals	T6_SHOES_CLOTH_MORGANA
master's cursed skull	T6_2H_SKULLORB_HELL
master's cursed staff	T6_MAIN_CURSEDSTAFF
master's dagger	T6_MAIN_DAGGER
master's dagger pair	T6_2H_DAGGERPAIR
master's damnation staff	T6_2H_CURSEDSTAFF_MORGANA
master's dawnsong	T6_2H_FIRE_RINGPAIR_AVALON
master's daybreaker	T6_MAIN_SPEAR_LANCE_AVALON
master's deathgivers	T6_2H_DUALSICKLE_UNDEAD
master's demon armor	T6_ARMOR_PLATE_HELL
master's demon boots	T6_SHOES_PLATE_HELL
master's demon cape	T6_CAPEITEM_DEMON
master's demon crest	T6_CAPEITEM_DEMON_BP
master's demon helmet	T6_HEAD_PLATE_HELL
master's demonfang	T6_MAIN_DAGGER_HELL
master's demonic staff	T6_2H_DEMONICSTAFF
master's divine staff	T6_2H_DIVINESTAFF
master's double bladed staff	T6_2H_DOUBLEBLADEDSTAFF
master's dreadstorm monarch	T6_MAIN_MACE_CRYSTAL
master's druid cowl	T6_HEAD_CLOTH_KEEPER
master's druid robe	T6_ARMOR_CLOTH_KEEPER
master's druid sandals	T6_SHOES_CLOTH_KEEPER
master's druidic staff	T6_MAIN_NATURESTAFF_KEEPER
master's dual swords	T6_2H_DUALSWORD
master's duskweaver armor	T6_ARMOR_PLATE_FEY
master's duskweaver boots	T6_SHOES_PLATE_FEY
master's duskweaver helmet	T6_HEAD_PLATE_FEY
master's earthrune staff	T6_2H_SHAPESHIFTER_KEEPER
master's energy shaper	T6_2H_CROSSBOW_CANNON_AVALON
master's enigmatic staff	T6_2H_ENIGMATICSTAFF
master's evensong	T6_2H_ARCANE_RINGPAIR_AVALON
master's exalted staff	T6_2H_HOLYSTAFF_CRYSTAL
master's eye of secrets	T6_OFF_ORB_MORGANA
master's facebreaker	T6_OFF_SPIKEDSHIELD_MORGANA
master's fallen staff	T6_2H_HOLYSTAFF_HELL
master's feyscale hat	T6_HEAD_CLOTH_FEY
master's feyscale robe	T6_ARMOR_CLOTH_FEY
master's feyscale sandals	T6_SHOES_CLOTH_FEY
master's fiend cowl	T6_HEAD_CLOTH_HELL
master's fiend robe	T6_ARMOR_CLOTH_HELL
master's fiend sandals	T6_SHOES_CLOTH_HELL
master's fire staff	T6_MAIN_FIRESTAFF
master's fisherman cap	T6_HEAD_GATHERER_FISH
master's fisherman garb	T6_ARMOR_GATHERER_FISH
master's fisherman workboots	T6_SHOES_GATHERER_FISH
master's fishing rod	T6_2H_TOOL_FISHINGROD
master's fists of avalon	T6_2H_KNUCKLES_AVALON
master's flamewalker staff	T6_MAIN_FIRESTAFF_CRYSTAL
master's forcepulse bracers	T6_2H_KNUCKLES_CRYSTAL
master's forge hammers	T6_2H_DUALHAMMER_HELL
master's forgebark staff	T6_MAIN_NATURESTAFF_CRYSTAL
master's fort sterling cape	T6_CAPEITEM_FW_FORTSTERLING
master's fort sterling crest	T6_CAPEITEM_FW_FORTSTERLING_BP
master's frost staff	T6_MAIN_FROSTSTAFF
master's galatine pair	T6_2H_DUALSCIMITAR_UNDEAD
master's glacial staff	T6_2H_GLACIALSTAFF
master's glaive	T6_2H_GLAIVE
master's grailseeker	T6_2H_QUARTERSTAFF_AVALON
master's graveguard armor	T6_ARMOR_PLATE_UNDEAD
master's graveguard boots	T6_SHOES_PLATE_UNDEAD
master's graveguard helmet	T6_HEAD_PLATE_UNDEAD
master's great arcane staff	T6_2H_ARCANESTAFF
master's great cursed staff	T6_2H_CURSEDSTAFF
master's great fire staff	T6_2H_FIRESTAFF
master's great frost staff	T6_2H_FROSTSTAFF
master's great hammer	T6_2H_HAMMER
master's great holy staff	T6_2H_HOLYSTAFF
master's great nature staff	T6_2H_NATURESTAFF
master's greataxe	T6_2H_AXE
master's grovekeeper	T6_2H_RAM_KEEPER
master's guardian armor	T6_ARMOR_PLATE_SET3
master's guardian boots	T6_SHOES_PLATE_SET3
master's guardian helmet	T6_HEAD_PLATE_SET3
master's halberd	T6_2H_HALBERD
master's hallowfall	T6_MAIN_HOLYSTAFF_AVALON
master's hammer	T6_MAIN_HAMMER
master's hand of justice	T6_2H_HAMMER_AVALON
master's harvester cap	T6_HEAD_GATHERER_FIBER
master's harvester garb	T6_ARMOR_GATHERER_FIBER
master's harvester workboots	T6_SHOES_GATHERER_FIBER
master's heavy crossbow	T6_2H_CROSSBOWLARGE
master's heavy mace	T6_2H_MACE
master's hellfire hands	T6_2H_KNUCKLES_HELL
master's hellion hood	T6_HEAD_LEATHER_HELL
master's hellion jacket	T6_ARMOR_LEATHER_HELL
master's hellion shoes	T6_SHOES_LEATHER_HELL
master's hellspawn staff	T6_2H_SHAPESHIFTER_HELL
master's helmet of valor	T6_HEAD_PLATE_AVALON
master's heretic cape	T6_CAPEITEM_HERETIC
master's heretic crest	T6_CAPEITEM_HERETIC_BP
master's heron spear	T6_MAIN_SPEAR_KEEPER
master's hoarfrost staff	T6_MAIN_FROSTSTAFF_KEEPER
master's holy staff	T6_MAIN_HOLYSTAFF
master's hood of tenacity	T6_HEAD_LEATHER_AVALON
master's hunter hood	T6_HEAD_LEATHER_SET2
master's hunter jacket	T6_ARMOR_LEATHER_SET2
master's hunter shoes	T6_SHOES_LEATHER_SET2
master's icicle staff	T6_2H_ICEGAUNTLETS_HELL
master's incubus mace	T6_MAIN_MACE_HELL
master's infernal scythe	T6_2H_SCYTHE_HELL
master's infernal staff	T6_2H_INFERNOSTAFF
master's infinity blade	T6_MAIN_SWORD_CRYSTAL
master's iron-clad staff	T6_2H_IRONCLADEDSTAFF
master's ironroot staff	T6_MAIN_NATURESTAFF_AVALON
master's jacket of tenacity	T6_ARMOR_LEATHER_AVALON
master's judicator armor	T6_ARMOR_PLATE_KEEPER
master's judicator boots	T6_SHOES_PLATE_KEEPER
master's judicator helmet	T6_HEAD_PLATE_KEEPER
master's keeper cape	T6_CAPEITEM_KEEPER
master's keeper crest	T6_CAPEITEM_KEEPER_BP
master's kingmaker	T6_2H_CLAYMORE_AVALON
master's knight armor	T6_ARMOR_PLATE_SET2
master's knight boots	T6_SHOES_PLATE_SET2
master's knight helmet	T6_HEAD_PLATE_SET2
master's leering cane	T6_OFF_JESTERCANE_HELL
master's lifecurse staff	T6_MAIN_CURSEDSTAFF_UNDEAD
master's lifetouch staff	T6_MAIN_HOLYSTAFF_MORGANA
master's light crossbow	T6_MAIN_1HCROSSBOW
master's lightcaller	T6_2H_SHAPESHIFTER_AVALON
master's longbow	T6_2H_LONGBOW
master's lumberjack cap	T6_HEAD_GATHERER_WOOD
master's lumberjack garb	T6_ARMOR_GATHERER_WOOD
master's lumberjack workboots	T6_SHOES_GATHERER_WOOD
master's lymhurst cape	T6_CAPEITEM_FW_LYMHURST
master's lymhurst crest	T6_CAPEITEM_FW_LYMHURST_BP
master's mace	T6_MAIN_MACE
master's mage cowl	T6_HEAD_CLOTH_SET3
master's mage robe	T6_ARMOR_CLOTH_SET3
master's mage sandals	T6_SHOES_CLOTH_SET3
master's malevolent locus	T6_2H_ENIGMATICORB_MORGANA
master's martlock cape	T6_CAPEITEM_FW_MARTLOCK
master's martlock crest	T6_CAPEITEM_FW_MARTLOCK_BP
master's mercenary hood	T6_HEAD_LEATHER_SET1
master's mercenary jacket	T6_ARMOR_LEATHER_SET1
master's mercenary shoes	T6_SHOES_LEATHER_SET1
master's miner cap	T6_HEAD_GATHERER_ORE
master's miner garb	T6_ARMOR_GATHERER_ORE
master's miner workboots	T6_SHOES_GATHERER_ORE
master's mistcaller	T6_OFF_HORN_KEEPER
master's mistpiercer	T6_2H_BOW_AVALON
master's mistwalker hood	T6_HEAD_LEATHER_FEY
master's mistwalker jacket	T6_ARMOR_LEATHER_FEY
master's mistwalker shoes	T6_SHOES_LEATHER_FEY
master's morgana cape	T6_CAPEITEM_MORGANA
master's morgana crest	T6_CAPEITEM_MORGANA_BP
master's morning star	T6_2H_FLAIL
master's muisak	T6_OFF_DEMONSKULL_HELL
master's nature staff	T6_MAIN_NATURESTAFF
master's oathkeepers	T6_2H_DUALMACE_AVALON
master's occult staff	T6_2H_ARCANESTAFF_HELL
master's permafrost prism	T6_2H_ICECRYSTAL_UNDEAD
master's phantom twinblade	T6_2H_DOUBLEBLADEDSTAFF_CRYSTAL
master's pickaxe	T6_2H_TOOL_PICK
master's pike	T6_2H_SPEAR
master's polehammer	T6_2H_POLEHAMMER
master's primal staff	T6_2H_SHAPESHIFTER_SET3
master's prowling staff	T6_2H_SHAPESHIFTER_SET1
master's quarrier cap	T6_HEAD_GATHERER_ROCK
master's quarrier garb	T6_ARMOR_GATHERER_ROCK
master's quarrier workboots	T6_SHOES_GATHERER_ROCK
master's quarterstaff	T6_2H_QUARTERSTAFF
master's rampant staff	T6_2H_NATURESTAFF_KEEPER
master's ravenstrike cestus	T6_2H_KNUCKLES_MORGANA
master's realmbreaker	T6_2H_AXE_AVALON
master's redemption staff	T6_2H_HOLYSTAFF_UNDEAD
master's rift glaive	T6_2H_GLAIVE_CRYSTAL
master's robe of purity	T6_ARMOR_CLOTH_AVALON
master's rootbound staff	T6_2H_SHAPESHIFTER_SET2
master's rotcaller staff	T6_MAIN_CURSEDSTAFF_CRYSTAL
master's royal armor	T6_ARMOR_PLATE_ROYAL
master's royal boots	T6_SHOES_PLATE_ROYAL
master's royal cowl	T6_HEAD_CLOTH_ROYAL
master's royal helmet	T6_HEAD_PLATE_ROYAL
master's royal hood	T6_HEAD_LEATHER_ROYAL
master's royal jacket	T6_ARMOR_LEATHER_ROYAL
master's royal robe	T6_ARMOR_CLOTH_ROYAL
master's royal sandals	T6_SHOES_CLOTH_ROYAL
master's royal shoes	T6_SHOES_LEATHER_ROYAL
master's sacred scepter	T6_OFF_TALISMAN_AVALON
master's sandals of purity	T6_SHOES_CLOTH_AVALON
master's sarcophagus	T6_OFF_TOWERSHIELD_UNDEAD
master's satchel of insight	T6_BAG_INSIGHT
master's scholar cowl	T6_HEAD_CLOTH_SET1
master's scholar robe	T6_ARMOR_CLOTH_SET1
master's scholar sandals	T6_SHOES_CLOTH_SET1
master's shadowcaller	T6_MAIN_CURSEDSTAFF_AVALON
master's shield	T6_OFF_SHIELD
master's shoes of tenacity	T6_SHOES_LEATHER_AVALON
master's sickle	T6_2H_TOOL_SICKLE
master's siege hammer	T6_2H_TOOL_SIEGEHAMMER
master's siegebow	T6_2H_CROSSBOWLARGE_MORGANA
master's skinner cap	T6_HEAD_GATHERER_HIDE
master's skinner garb	T6_ARMOR_GATHERER_HIDE
master's skinner workboots	T6_SHOES_GATHERER_HIDE
master's skinning knife	T6_2H_TOOL_KNIFE
master's skystrider bow	T6_2H_BOW_CRYSTAL
master's smuggler cape	T6_CAPEITEM_SMUGGLER
master's smuggler crest	T6_CAPEITEM_SMUGGLER_BP
master's soldier armor	T6_ARMOR_PLATE_SET1
master's soldier boots	T6_SHOES_PLATE_SET1
master's soldier helmet	T6_HEAD_PLATE_SET1
master's soulscythe	T6_2H_TWINSCYTHE_HELL
master's spear	T6_MAIN_SPEAR
master's specter hood	T6_HEAD_LEATHER_UNDEAD
master's specter jacket	T6_ARMOR_LEATHER_UNDEAD
master's specter shoes	T6_SHOES_LEATHER_UNDEAD
master's spiked gauntlets	T6_2H_KNUCKLES_SET3
master's spirithunter	T6_2H_HARPOON_HELL
master's staff of balance	T6_2H_ROCKSTAFF_KEEPER
master's stalker hood	T6_HEAD_LEATHER_MORGANA
master's stalker jacket	T6_ARMOR_LEATHER_MORGANA
master's stalker shoes	T6_SHOES_LEATHER_MORGANA
master's stillgaze staff	T6_2H_SHAPESHIFTER_CRYSTAL
master's stone hammer	T6_2H_TOOL_HAMMER
master's taproot	T6_OFF_TOTEM_KEEPER
master's thetford cape	T6_CAPEITEM_FW_THETFORD
master's thetford crest	T6_CAPEITEM_FW_THETFORD_BP
master's timelocked grimoire	T6_OFF_TOME_CRYSTAL
master's tombhammer	T6_2H_HAMMER_UNDEAD
master's tome of spells	T6_OFF_BOOK
master's torch	T6_OFF_TORCH
master's tracking toolkit	T6_2H_TOOL_TRACKING
master's trinity spear	T6_2H_TRIDENT_UNDEAD
master's truebolt hammer	T6_2H_HAMMER_CRYSTAL
master's twin slayers	T6_2H_DAGGERPAIR_CRYSTAL
master's unbreakable ward	T6_OFF_SHIELD_CRYSTAL
master's undead cape	T6_CAPEITEM_UNDEAD
master's undead crest	T6_CAPEITEM_UNDEAD_BP
master's ursine maulers	T6_2H_KNUCKLES_KEEPER
master's wailing bow	T6_2H_BOW_HELL
master's warbow	T6_2H_WARBOW
master's weeping repeater	T6_2H_REPEATINGCROSSBOW_UNDEAD
master's whispering bow	T6_2H_LONGBOW_UNDEAD
master's wild staff	T6_2H_WILDSTAFF
master's wildfire staff	T6_MAIN_FIRESTAFF_KEEPER
master's witchwork staff	T6_MAIN_ARCANESTAFF_UNDEAD
midwater octopus salad	T4_MEAL_SALAD_FISH
minor acid potion	T3_POTION_ACID
minor berserk potion	T4_POTION_BERSERK
minor calming potion	T3_POTION_MOB_RESET
minor cleansing potion	T3_POTION_CLEANSE2
minor energy potion	T2_POTION_ENERGY
minor gathering potion	T4_POTION_GATHER
minor gigantify potion	T3_POTION_REVIVE
minor healing potion	T2_POTION_HEAL
minor hellfire potion	T4_POTION_LAVA
minor poison potion	T4_POTION_COOLDOWN
minor resistance potion	T3_POTION_STONESKIN
minor sticky potion	T3_POTION_SLOWFIELD
minor tornado in a bottle	T4_POTION_TORNADO
mountain blindeye pie	T5_MEAL_PIE_FISH
murkwater clam soup	T3_MEAL_SOUP_FISH
mutton sandwich	T6_MEAL_SANDWICH
mutton stew	T6_MEAL_STEW
novice's axe	T2_2H_TOOL_AXE
novice's bag	T2_BAG
novice's bow	T2_2H_BOW
novice's broadsword	T2_MAIN_SWORD
novice's cape	T2_CAPE
novice's fire staff	T2_MAIN_FIRESTAFF
novice's mercenary hood	T2_HEAD_LEATHER_SET1
novice's mercenary jacket	T2_ARMOR_LEATHER_SET1
novice's mercenary shoes	T2_SHOES_LEATHER_SET1
novice's pickaxe	T2_2H_TOOL_PICK
novice's scholar cowl	T2_HEAD_CLOTH_SET1
novice's scholar robe	T2_ARMOR_CLOTH_SET1
novice's scholar sandals	T2_SHOES_CLOTH_SET1
novice's shield	T2_OFF_SHIELD
novice's sickle	T2_2H_TOOL_SICKLE
novice's siege hammer	T2_2H_TOOL_SIEGEHAMMER
novice's skinning knife	T2_2H_TOOL_KNIFE
novice's soldier armor	T2_ARMOR_PLATE_SET1
novice's soldier boots	T2_SHOES_PLATE_SET1
novice's soldier helmet	T2_HEAD_PLATE_SET1
novice's stone hammer	T2_2H_TOOL_HAMMER
novice's tome of spells	T2_OFF_BOOK
poison potion	T6_POTION_COOLDOWN
pork omelette	T7_MEAL_OMELETTE
pork pie	T7_MEAL_PIE
potato salad	T6_MEAL_SALAD
redspring eel stew	T6_MEAL_STEW_FISH
resistance potion	T5_POTION_STONESKIN
roast chicken	T3_MEAL_ROAST
roast goose	T5_MEAL_ROAST
roast pork	T7_MEAL_ROAST
roasted clearhaze snapper	T5_MEAL_ROAST_FISH
roasted puremist snapper	T7_MEAL_ROAST_FISH
roasted whitefog snapper	T3_MEAL_ROAST_FISH
rosalia's diary	T8_OFF_BOOK
rushwater lurcher sandwich	T6_MEAL_SANDWICH_FISH
shallowshore squid salad	T2_MEAL_SALAD_FISH
sticky potion	T5_POTION_SLOWFIELD
stonestream lurcher sandwich	T4_MEAL_SANDWICH_FISH
the hand of khor	T8_2H_AXE
thunderfall lurcher sandwich	T8_MEAL_SANDWICH_FISH
tornado in a bottle	T6_POTION_TORNADO
turnip salad	T4_MEAL_SALAD
upland coldeye pie	T3_MEAL_PIE_FISH
vendetta's wrath	T8_2H_FIRESTAFF
wheat soup	T3_MEAL_SOUP
